-- phpMyAdmin SQL Dump
-- version 4.8.4
-- https://www.phpmyadmin.net/
--
-- Host: 127.0.0.1
-- Generation Time: Apr 22, 2019 at 02:15 PM
-- Server version: 10.1.37-MariaDB
-- PHP Version: 7.3.0

SET SQL_MODE = "NO_AUTO_VALUE_ON_ZERO";
SET AUTOCOMMIT = 0;
START TRANSACTION;
SET time_zone = "+00:00";


/*!40101 SET @OLD_CHARACTER_SET_CLIENT=@@CHARACTER_SET_CLIENT */;
/*!40101 SET @OLD_CHARACTER_SET_RESULTS=@@CHARACTER_SET_RESULTS */;
/*!40101 SET @OLD_COLLATION_CONNECTION=@@COLLATION_CONNECTION */;
/*!40101 SET NAMES utf8mb4 */;

--
-- Database: `arkhangai`
--

-- --------------------------------------------------------

--
-- Table structure for table `category`
--

CREATE TABLE `category` (
  `id` int(11) NOT NULL,
  `name` varchar(255) COLLATE utf8_unicode_ci NOT NULL
) ENGINE=InnoDB DEFAULT CHARSET=utf8 COLLATE=utf8_unicode_ci;

--
-- Dumping data for table `category`
--

INSERT INTO `category` (`id`, `name`) VALUES
(3, 'Үйл явдлын мэдээ'),
(4, 'Уулзалт, хурлын мэдээ'),
(5, 'Ярилцлага'),
(6, 'Гадаад харилцаа'),
(7, 'Дүрстэй мэдээ'),
(8, 'Фото мэдээ'),
(11, 'Бүтээн байгуулалт');

-- --------------------------------------------------------

--
-- Table structure for table `hunii_noots`
--

CREATE TABLE `hunii_noots` (
  `id` int(11) NOT NULL,
  `title` varchar(255) COLLATE utf8_unicode_ci NOT NULL,
  `body` text COLLATE utf8_unicode_ci NOT NULL
) ENGINE=InnoDB DEFAULT CHARSET=utf8 COLLATE=utf8_unicode_ci;

--
-- Dumping data for table `hunii_noots`
--

INSERT INTO `hunii_noots` (`id`, `title`, `body`) VALUES
(1, 'Хүний нөөцийн ил тод байдал', '<p>Хүний нөөцийн ил тод байдал</p>'),
(2, 'Хууль тогтоомж', 'Хууль тогтоомж'),
(3, 'Хүний нөөцийн бодлого, стратеги', '<p>Хүний нөөцийн бодлого, стратеги aaaaaaaaaaaa</p>\r\n<p>bbbbbbbbbbbbbbbbbbbb</p>'),
(4, 'Ёс зүйн дүрэм', 'Ёс зүйн дүрэм'),
(5, 'Төрийн жинхэнэ албаны мэргэшлийн зар', 'Төрийн жинхэнэ албаны мэргэшлийн зар'),
(6, 'Удирдах ажилтны сонгон шалгаруулалтын зар', 'Удирдах ажилтны сонгон шалгаруулалтын зар'),
(7, 'Төрийн албан хаагчийн үр дүнгийн гэрээ, хэрэгжилт, дүгнэлт, тайлан', 'Төрийн албан хаагчийн үр дүнгийн гэрээ, хэрэгжилт, дүгнэлт, тайлан');

-- --------------------------------------------------------

--
-- Table structure for table `news`
--

CREATE TABLE `news` (
  `id` int(11) NOT NULL,
  `cat_id` int(11) NOT NULL,
  `title` varchar(255) COLLATE utf8_unicode_ci NOT NULL,
  `body` text COLLATE utf8_unicode_ci NOT NULL,
  `image` varchar(255) COLLATE utf8_unicode_ci NOT NULL,
  `view` int(11) NOT NULL,
  `datetime` timestamp NOT NULL DEFAULT CURRENT_TIMESTAMP
) ENGINE=InnoDB DEFAULT CHARSET=utf8 COLLATE=utf8_unicode_ci;

--
-- Dumping data for table `news`
--

INSERT INTO `news` (`id`, `cat_id`, `title`, `body`, `image`, `view`, `datetime`) VALUES
(20, 3, 'Төлчин эмэгтэйчүүд байгаль орчноо хог хаягдалгүй байлгаж, шаардлага хангасан 00-той болох уриалга гаргав', '<p style=\"text-align: justify;\">Хотонт сумын төлчин эмэгтэйчүүдийн зөвлөгөөн болж, уриалга гаргажээ. Тэд уриалгадаа &ldquo;Нүүдэллэн амьдардаг малчин бид байгаль орчноо хог хаягдалгүй байлгах, шаардлага хангасан 00-той болох, Тариат, Чулуут, Өндөр-Улаан сумын сүү цагаан идээ боловсруулах туршлагаас суралцах, нутгийн бренд цагаан идээ үйлдвэрлэх, орон нутгийнхаа иргэдийг сүү цагаан идээгээр хангах&rdquo; зэргийг тусгажээ. Мөн мал аж ахуйн салбарт уламжлагдан ирсэн соёлоо дэлгэрүүлэхэд малчин бүр анхаарч, арьс нэхий сур элдэх, морь малаа уналага эдэлгээнд хэрэглэх, байгаль орчин хүний биед хор хөнөөлтэй нь нэгэнт батлагдсан хуванцар савнууд, гялгар уут зэргээс татгалзан, модон торх саваа дэлгэрүүлэн хэрэглэж занших гэсэн байна.</p>\r\n<p style=\"text-align: justify;\">&nbsp;Энэ удаагийн зөвлөгөөнийг Хотонт сумын Засаг даргын үйл ажиллагааны хөтөлбөр, 2019 оны Үндсэн чиглэлд тусгасан зорилт арга хэмжээний хүрээнд зохион байгуулсан бөгөөд сумын 420 малчин эмэгтэй оролцжээ. Төлчин эмэгтэйчүүдийн эрүүл зөв амьдрах боломж, жинхэнэ Монгол эмэгтэйн зан төлөв, харилцаа хандлагыг төлөвшүүлэхэд зорилготойгоор энэхүү зөвлөгөөнийг зохион байгуулжээ.</p>', 'images/2019_03_14_1552575713_1.png', 0, '2019-03-14 15:01:53'),
(21, 3, 'Сум дундын матeматикийн олимпиадад Өлзийт сум тэргүүлжээ', '<p style=\"text-align: justify;\">Ихтамир сумын ерөнхий боловсролын сургуулийн багш Ардын боловсролын Тэргүүний ажилтан Г.Аюурзана, Ч.Юмчирчмаа нарын нарын нэрэмжит сум дундын аварга шалгаруулах матeматикийн олимпиадыг Их тамир суманд зохион байгууллаа. Уг олимпиадад Чулуут, Эрдэнэмандал, Өлзийт, Цэнхэр, Өндөр-Улаан, Их тамир, Батцэнгэл зэрэг найман сумын 450 гаруй сурагч, 30 гаруй багш оролцсон байна.</p>\r\n<p style=\"text-align: justify;\">Олипидад багийн дүнгээр Өлзийт сум тэргүүлж ирэх жил тус суманд зохион байгуулахаар болсон байна. Энэхүү олипиадын бусад олимпиадаас ялгарах онцлог нь сум дундын гэдгээрээ онцлогтой байлаа.</p>\r\n<p style=\"text-align: justify;\">Олимпиадыг УБ хотын 1-р сургуулийн математикийн багш З.Бат-эрдэнэ /Улсын математикийн 10 удаагийн аварга/,&nbsp; Нийслэлийн 1-р сургуулийн математикийн багш МУ-ын зөвлөх багш Ш.Лхагва, Нийслэлийн 72-р сургуулийн математикийн багш З.Баттулга нар зохион байгуулжээ. Мөн урилгаар МУ-ын гавъяат багш Д.Ганболд, МУ-ын гавъяат багш М.Нацаг-Юм болон бусад ахмад багш нар ирсэн байна.</p>', 'images/2019_03_14_1552576048_1.png', 0, '2019-03-14 15:07:28'),
(22, 3, 'Цахир сумын сургуулийг камержуулав', '<p style=\"text-align: justify;\">Цахир сумын есөн жилийн дунд сургуулийн 80 жилийн ой ирэх 2020 онд болно. Ой угтаж олон ажил хийж байгаагийн нэг нь хичээлийн байрны гадна, дотор тал болон анги танхимуудад хяналтын камер байрлуулсан явдал юм. Төсвийг сумын давсан орлого болон сургуулийн хичээл үйлдвэрлэлийн гээд нийт 5.0 сая төгрөгөөр 19 ширхэг камерыг сургуулийн орчинд байрлуулсан байна.</p>\r\n<p style=\"text-align: justify;\">Энэ нь сургуулийн орчинд элдэв халдлага, зүй бус үйлдлээс урьдчилан сэргийлэхийн зэрэгцээ сургалт хүмүүжлийн ажлын явцыг хянаж болох юм гэж тус сургуулийн захиргаа үзэж байна. Цаашдаа хүүхдийн дотуур байрандаа камер байрлуулах гэнэ. Ингэснээр сургуулийн орчин бүрэн хяналттай байна гэж тус сургуулийн захирал Д.Баярмаа ярьж байна.</p>', 'images/2019_03_14_1552576112_1.png', 0, '2019-03-14 15:08:32'),
(23, 3, 'Дулааны станци барих төслийн хэлэлцүүлэг болов', '<p style=\"text-align: justify;\">БНСУ-ын хөнгөлөлттэй зээлээр Цэцэрлэг хотод дулааны станц барихтай холбоотой олон нийтийн нээлттэй хэлэлцүүлгийг өнөөдөр зохион байгууллаа. Энэ үеэр иргэдэд дулааны станци барих төслийн болон түүний байгаль орчин, нийгмийн нөлөөллийн нарийвчилсан үнэлгээний талаар мэдээлэл өглөө. Мөн тус ажлын хэсэг аймгийн удирдлагуудтай уулзаж, төслийн явц ямар шатанд явж байгаа талаар мэдээлэл өгсөн юм.</p>\r\n<p style=\"text-align: justify;\">Хэлэлцүүлэгт 250 гаруй төр, захиргааны байгууллагын болон төрийн албан хаагчдын төлөөлөл, аж ахуй нэгж, бизнес эрхлэгчид, иргэдийн төлөөлөл оролцсон юм. Тэд дулааны станци барих нь зөв гэж үзэн дэмжсэн бол зарим иргэн, аж ахуй нэгжийн зүгээс орон нутагт дулаан үйлдвэрлэдэг компаний эрх ашиг хэрхэн хөндөгдөж, тэнд ажиллаж буй 140 гаруй хүнд ажилгүйдлын нөхөн олговор олгох эсэх, дулааны станцитай болсноор үнэ тарифт өөрчлөлт орох уу, хувийн аж ахуй нэгжүүд дулаанд хэрхэн холбогдох вэ, халуун усны төлбөр тооцоог бодож гаргасан уу зэрэг асуултуудыг асууж, зохих хариултаа авч байлаа.</p>\r\n<p style=\"text-align: justify;\">Дулааны станци барих төслийн хэрэгжүүлэгч нь Эрчим хүчний яам бөгөөд 2019 оны 1-р сарын 1-нээс 2021 оны 12-р сарын 31 хүртлэх хугацаанд хэрэгжинэ. Төслийн барилга угсралтын гэрээлэгч сонгох ажил нь энэ оны 9-р сараас эхлэх ба дулааны станцийн барилга угсратын ажил нь 2020 оны 3-р сараас эхлэнэ гэж төлөвлөгөө гаргажээ.</p>', 'images/2019_03_14_1552576169_1.png', 0, '2019-03-14 15:09:29'),
(24, 3, 'Ойн талаар холбогдох мэргэжилтнүүд “номын дуу” сонсов', '<p style=\"text-align: justify;\">Архангай аймгийн БОАЖГ-аас \"Хариуцлагатай ойн менежмент\" анхдугаар зөвлөгөөнийг өнөөдөр зохион байгууллаа. Байгаль орчны багц хууль тогтоомж, ойн менежментийн талаарх мэдлэг чадварыг сайжруулах, нэмэгдүүлэх ялангуяа ойн нөхөрлөл, ойн мэргэжлийн байгууллага, төрийн байгууллагын төлөөллүүдийг нэгдсэн нэг ойлголттой болгоход зөвлөгөөний зорилго оршлоо.</p>\r\n<p style=\"text-align: justify;\">Зөвлөгөөнд 19 сумын байгаль орчны хяналтын улсын байцаагч, байгаль хамгаалагч, ойн санг гэрээгээр эзэмшигч нөхөрлөл, ойн мэргэжлийн байгууллагын төлөөлөл, ойн менежментийг хэрэгжүүлэхтэй холбоотой төрийн захиргааны байгууллагын төлөөлөл, Архангай аймагт байгаль орчны чиглэлээр хэрэгжиж буй олон улсын төсөл, хөтөлбөрүүдийн зохицуулагч, ажилтан нар гээд нийт 150 хүн оролцсон юм.</p>\r\n<p style=\"text-align: justify;\">Оролцогчдод ойн менежментийг хэрэгжүүлэх арга зам, түүнд нутгийн иргэдийн оролцоо ямар байх юм, ой хээрийн түймрээс урьдчилан сэргийлэх, мод бэлтгэлийн технологийн карт боловсруулах арга, мод бэлтгэх эрхийн бичиг, гарал үүслийн гэрчилгээг хэрхэн цахимжуулах, хог, бэлчээр ашиглалт гэх зэрэг арав гаруй илтгэлийг холбогдох хүмүүс тавилаа.</p>', 'images/2019_03_14_1552576258_1.png', 0, '2019-03-14 15:10:58'),
(25, 3, 'Хөнгөлөлттэй нөхцөлөөр өвс, тэжээл олгоно', '<p style=\"text-align: justify;\">Улсын онцгой комиссын Шуурхай бүлэг Архангай аймагт ажиллаж, хаваржилтын нөхцөл байдалд үнэлэлт, дүгнэлт өгч, гамшгийн үеийн бэлэн байдалтай газар дээр нь танилцлаа. Мөн Засгийн газрын шийдвэрээр 300 тонн өвс, 120 тонн тэжээлийг 50 хувийн хямдралтай үнээр олгох болсныг танилцуулсан юм. Орон нутгийн зүгээс онцгой комиссын ажлын хэсэгт худаг усны асуудал байгааг хэлэхэд худаг завсарлах зардлыг Хүнс, хөдөө аж ахуй, хөнгөн үйлдвэрийн сайдын багцад суулгах боломжийг судалж үзнэ гэдгийг мэдэгдлээ.</p>\r\n<p style=\"text-align: justify;\">Архангай аймагт нийт 954 бэлчээрийн худаг байгаагаас 85.1 хувийг ашиглаж, малчин өрх, мал сүргийн 80.8 хувь нь усаар хангагдаж байна. Одоогийн байдлаар аймгийн хэмжээнд 14.3 мянган малчин өрхийн 5.5 сая орчим толгой мал хаваржиж байна. Улсын тусгай хамгаалалттай бүс нутагт 61 өрхийн 12.7 мянга, өөр аймгийн бусад суманд 834 өрхийн 296.2 мянган мал отроор хаваржиж байгаа юм.</p>', 'images/2019_03_14_1552576405_1.png', 0, '2019-03-14 15:13:25'),
(26, 4, 'Эмэгтэйчүүдийн 3-р чуулганыг зохион байгуулав', '<p style=\"text-align: justify;\">Өндөр-Улаан сумын ЗДТГ-аас албан байгууллага аж ахуй нэгж, бизнэс эрхлэгч, малчдын 150 гаруй хүний төлөөллийг оролцуулсан &ldquo;Эмэгтэйчүүдийн 3-р чуулган&rdquo;-ыг зохион байгуулжээ. Эмэгтэйчүүдийн эрхийн хамгаалах өдрийг баяр болгон тэмдэглэх биш, хийж хэрэгжүүлсэн ажлаа тайлагнах, цаашид хийх ажлаа хамтдаа хэлэлцэн төлөвлөх зорилготойгоор явуулсан байна.</p>\r\n<p style=\"text-align: justify;\">Чуулганаар хүнсний эрүүл ахуйд иргэн таны оролцоо сэдвээр Мал эмнэлэгийн тасгийн дарга Г.Сонорбаяр, Эмэгтэйчүүдийн эрүүл мэнд сэдвээр ЭМГ-ын мэргэжилтэн Б.Адъяасүрэн, Хүүхэд хамгаалалд олон нийтийн оролцоо сэдвээр ЕБС-ийн нийгмийн ажилтан Т.Эрдэнэсувд нар илтгэл тавьжээ.</p>\r\n<p style=\"text-align: justify;\">Чуулганы өмнөх өдөр төлөөлөгч нарын дунд гар бөмбөгийн тэмцээн зохион байгуулж, ЕБС-ийн баг 1-р байр, Бэлхи багийн баг 2-р байр, Хүүхдийн цэцэрлэгийн баг 3-р байранд тус тус оржээ.</p>', 'images/2019_03_14_1552576480_1.png', 0, '2019-03-14 15:14:40'),
(27, 3, 'Согтууруулах ундаа худалдах, түүгээр үйлчлэх цэгийн тоонд өөрчлөлт оруулах тухай хэлэлцүүлгийг зохион байгуулав', '<p style=\"text-align: justify;\">МУ-ын Засгийн газрын \"Архидан согтуурахтай тэмцэх талаар авах зарим арга хэмжээний тухай\" 46-р тогтоолыг үндэслэн согтууруулах ундаа худалдах, түүгээр үйлчлэх цэгийн тоог шинэчлэн тогтоох тухай ХХААХҮ-ийн сайдын тушаалын төсөлд санал авах хэлэлцүүлгийг зохион байгууллаа. Хэлэлцүүлэгт 30 гаруй байгууллага, аж ахуйн нэгж, иргэд оролцож, саналаа илэрхийлсэн юм. Үүний дотор төрийн байгууллагуудын зүгээс дээрх төслийг дэмжиж байсан бол иргэд дэмжээгүй юм. Иргэдийн зүгээс согтууруулах ундаа худалдаалах цэгийн тоог цөөлснөөр хууль бус архи худалдаалах &nbsp;буюу хулгайгаар, хуурамч архи худалдаалах нь ихсэнэ гэж хэлээд тэрний оронд архи хэрэглэх хор уршигтай талаар иргэдийн сэтгэлгээ хандлагыг өөрчлөх, архины үйлдвэрийн тоог цөөлөх, архины чанарыг шалгах, монгол архи үйлдвэрлэх, архины градусыг багасгах гэсэн саналыг иргэд гаргасан байна.</p>\r\n<p style=\"text-align: justify;\">Хүн, хөдөө аж ахуй, хөнгөн үйлдвэрийн сайдын норматив тогтоох тухай төсөлд согтууруулах ундаа худалдах, түүгээр үйлчлэх цэгийн тоог нийслэл хот, аймгийн төвийн суманд 4000 хүртэл хүн ам тутамд , бусад суманд 2000 хүртэл хүн ам тутамд тус тус 1 байхаар зааж өгөхөөр заалт орсон байгаа юм.</p>', 'images/2019_03_14_1552576621_1.png', 0, '2019-03-14 15:17:01'),
(28, 3, 'Цагдаагийн алба хаагчид Монгол бичгээр хичээнгүй бичиг бичжээ', '<p style=\"text-align: justify;\">Архангай аймгийн Цагдаагийн байгууллагын үйл ажиллагааны &ldquo;Соён гэгээрүүлэх ажил зохиох журам&rdquo;, Цагдаагийн газрын 2019 оны &ldquo;Соён гэгээрүүлэх ажлын төлөвлөгөө&rdquo;-ний дагуу алба хаагчдын дунд &ldquo;Би цэвэр бичигтэн&rdquo; хичээнгүй бичгийн уралдааныг зохион байгуулжээ.</p>\r\n<p style=\"text-align: justify;\">Тус арга хэмжээ нь алба хаагчдын бичиг хэргийн соёл, өөрийгөө илэрхийлэх чадвар, гоо зүйн мэдлэгийг нэмэгдүүлэхэд чиглэсэн онцлог арга хэмжээ болсон юм.</p>\r\n<p style=\"text-align: justify;\">Уралдаанд байгууллагын ажилтнуудаас 40 гаруй бүтээл ирснээс тэргүүн байранд цагдаагийн ахлагч Т.Шинэдэнсэл, дэд байранд цагдаагийн ахлагч Н.Эрдэнэбаяр, гутгаар байр цагдаагийн ахмад О.Мөнхтулга, тусгай байранд цагдаагийн ахлах дэслэгч Ч.Сэмжидмаа, үйлчлэгч Э.Саруултуяа нарын бүтээлийг шалгаруулжээ.</p>', 'images/2019_03_14_1552576726_1.png', 0, '2019-03-14 15:18:46'),
(29, 3, 'Халхын Эрдэнэ Зая Бандида гэгээний эрднийн шүтээнийг Чулуут сумын хийдэд заллаа', '<p style=\"text-align: justify;\">Монгол орноо Шашны гурван зул хэмээн алдаршсан дээдсүүдийн нэг Халхын Эрдэнэ Зая бандидын VII дүр Лувсанданзанпүлжүнжигмэд гэгээнтний лагшин шүтээнийг энэ сарын 5-нд аймгийн Төгс баясгалант буян дэлгэрүүлэх хийдийн Хамба лам Х.Баасанжаргал, Гэсгү лам н.Бэгзсүрэн тэргүүтэй лам нар Чулуут сумын хийдэд залж, номоо айлджээ.</p>\r\n<p style=\"text-align: justify;\">Мөн энэ үеэр ламын Цогцод өргөх ёслол болж, нутгийн сүсэгтэн олонд номын дуу сонсгон гэгээнтний гүдэнд мөргөл үйлдэж, буян хишгээ даатгажээ.</p>\r\n<p style=\"text-align: justify;\">Энэ мэтчилэн 19 сумын хийд болоод төрийн тахилгат хайрханы оройд гэгээнтний хайлсан шүтээнийг өргөх юм байна.</p>', 'images/2019_03_14_1552576793_1.png', 0, '2019-03-14 15:19:53'),
(30, 3, 'Салбар, салбарын шилдэг эмэгтэйчүүдийг шалгарууллаа', '<p style=\"text-align: justify;\">Олон Улсын эмэгтэйчүүдийн эрхийг хамгаалах өдрийг угтан \"Гоо сарнай\" ёслол, хүндэтгэлийн арга хэмжээг Архангай аймгийн Нийгмийн ардчилал Монголын эмэгтэйчүүдийн холбооноос Гэр бүл, хүүхэд, залуучуудын хөгжлийн газартай хамтран өнөөдөр зохион байгууллаа. Тус арга хэмжээнд 19 сумын эмэгтэйчүүдийн төлөөлөл 250 гаруй эмэгтэйчүүд оролцож, салбарын шилдгүүдийг тодруулж шагнасан юм.</p>\r\n<p style=\"text-align: justify;\">Энэхүү хүндэтгэлийн үйл ажиллагаа нь тухайн салбарын шилдэг эмэгтэйчүүдийг шалгаруулах зорилгоор хоёр дахь жилдээ болж байгаа юм.</p>\r\n<p style=\"text-align: justify;\">-Боловсролын салбарын шилдэг эмэгтэйгээр Цэнхэр сумын сургуулийн багш Д.Одгэрэл</p>\r\n<p style=\"text-align: justify;\">-Эрүүл мэндийн салбарын шилдэг эмэгтэйгээр Хангай сумын ЭМТ-ийн их эмч Л.Ганчимэг</p>\r\n<p style=\"text-align: justify;\">-Төр нийгмийн салбарын шилдэг эмэгтэйгээр Эрдэнэбулган сумын ЗДТГ-ын мэргэжилтэн С.Хорлоосүрэн</p>\r\n<p style=\"text-align: justify;\">-Бизнесийн салбарын шилдэг эмэгтэйгээр &ldquo;Бүрэн-*Ар&rdquo; ХХК-ийн захирал Б.Оюунцэцэг</p>\r\n<p style=\"text-align: justify;\">-Соёл урлагийн салбарын шилдэг эмэгтэйгээр Эрдэнэмандал сумын Соёлын төвийн эрхлэгч Б.Отгонсүрэн</p>\r\n<p style=\"text-align: justify;\">-ХХАА-н салбарын шилдэг эмэгтэйгээр Эрдэнэмандал сумын ногоочин С.Нарангэрэл</p>\r\n<p style=\"text-align: justify;\">-Хүмүүнлэгийн салбарын шилдэг эмэгтэйгээр ЭБ сумын 4-р багийн Засаг дарга С.Жавхлан</p>\r\n<p style=\"text-align: justify;\">-Хууль зүйн салбарын шилдэг эмэгтэйгээр ЦГ-ын мэргэжилтэн Б.Наранцэцэг</p>\r\n<p style=\"text-align: justify;\">-Банк, санхүүгийн салбарын шилдэг эмэгтэйгээр Орхон*Чулуут голын саь газрын захиргааны нягтлан бодогч Б.Адьяасүрэн нар шалгарлаа.</p>\r\n<p style=\"text-align: justify;\">&nbsp;&ldquo;Гоо сарнай&rdquo; ёслол, хүндэтгэлийн арга хэмжээнд урилгаар Эрүүл мэндийн сайд асан А.Цогцэцэг, Эрдэнэ зуу хийдийн хамба лам Х.Баасансүрэн нар оролцож, сонирхолтой лекц уншлаа.</p>', 'images/2019_03_14_1552576849_1.png', 0, '2019-03-14 15:20:49'),
(31, 3, 'Цэргийн байгууллагуудын дунд буудлагын тэмцээн болов', '<p style=\"text-align: justify;\">&nbsp;&ldquo;Монгол цэргийн өдөр&rdquo; зэвсэгт хүчний 98 жилийн ой, Халх голын дайны ялалтын 80 жилийн ойн баярыг тохиолдуулан аймгийн Цэргийн штабаас хууль, хүчний байгууллагуудын дунд буудлагын тэмцээнийг энэ сарын 5-нд зохион байгууллаа.</p>\r\n<p style=\"text-align: justify;\">Тэмцээн нь цэргийн болон хүчний байгууллагуудын албан хаагчид, тамирчдыг онцлог шалгуураар нь өрсөлдуулж, цэц мэргэнийг нь сорих, хамт олны ур чадварыг дээшлүүлэх зорилготой болсон ба тамирчид 25 метрийн зайд 9 мм-ийн ПМ гар буу, 7.62 мм-ийн АКМ буугаар байг онож, өрсөлдсөн.</p>\r\n<p style=\"text-align: justify;\">Нийт найман байгууллагын 14 баг тамирчид цэц мэргэнээ сорьж өрсөлдсөнөөс хоёр буудлагын нийт оноо 40 оноогоор Шүүхийн шийдвэр гүйцэтгэх газрын 1-р баг түрүүлж, Цагдаагийн газрын баг тамирчид дараагийн байранд орлоо.</p>', 'images/2019_03_14_1552576910_1.png', 0, '2019-03-14 15:21:50'),
(32, 3, 'Музейн өдрүүдэд 600 орчим хүн үнэ төлбөргүй музей үзжээ', '<p style=\"text-align: justify;\">\"Музейн нээлттэй өдөр\"-үүд зохион байгуулах тухай БСШУС-ын сайдын 2018 оны А/71 тушаалын дагуу энэ сарын 01-03-ны өдрүүдэд 10.00-17.00 цагийн хооронд Архангай аймгийн Музей нь иргэдэд нээлттэй, үнэ төлбөргүй үйлчилгээ үзүүллээ. Тус хамт олон нь соёлын биет өвд тулгуурлан хүүхэд, залуучуудад Монгол ахуй, өв соёлыг өвлүүлэх, эх оронч үзэл төлөвшүүлэх, нийгмийн хөгжилд музейн оруулах хувь нэмрийг нэмэгдүүлэх зорилгоор үйл ажиллагаагаа явуулдаг бөгөөд Монгол тоглоом наадгайн танхимыг нээн ажиллуулдаг байна.</p>\r\n<p style=\"text-align: justify;\">Энэ өдрүүдэд 580 гаруй том хүн, хүүхэд аймгийн Музейн Угсаатны 1, 2-р танхим болон шашин, түүх, урлалын гэсэн танхимуудын нийт 3000 гаруй үзмэрийг үзжээ.</p>', 'images/2019_03_14_1552576987_1.png', 0, '2019-03-14 15:23:07'),
(33, 3, 'Хүүхдийн асуудлаар үүрэг хүлээгчдийн анхдугаар зөвлөгөөнөөс зөвлөмж гарав', '<p style=\"text-align: justify;\">Хүүхдийн өмнө үүрэг хүлээгчдийн салбар дундын хамтын ажиллагааг сайжруулах, хүүхдийн эрхийн хэрэгжилтийг хангахад оролцогч талуудын мэдлэгийг нэмэгдүүлэх зорилгоор хүүхдийн асуудлаар үүрэг хүлээгчдийн анхдугаар зөвлөгөөнийг зохион байгуулж, төрийн болон ТББ, аж ахуйн нэгж, иргэд олон нийтэд хандсан зөвлөмж гаргав.</p>\r\n<p style=\"text-align: justify;\">Оролцогчид Хүүхдийн эрхийг хангахад төсвийн төлөвлөлтийг оновчтой хэрэгжүүлэх нь, Боловсролын салбар дахь хүүхэд хамгааллын тогтолцоог бэхжүүлэх нь, Эцэг эхийн зөвлөл, хүүхдийн элчийн үүрэг оролцоо гэсэн 3 салбарт хуваагдан өөрсдийн салбарт тулгамдаж буй асуудал, гарах аргуудын талаар санал бодлоо хуваалцсан юм. Зөвлөгөөний төгсгөлд 3 салбар хэлэлцүүлэгээс гарсан зөвлөмжүүдийг нэгтгэн дүгнэж, Хүүхдийн асуудлаар үүрэг хүлээгчдийн анхдугаар зөвлөгөөний зөвлөмжийг боловсруулан баталжээ.</p>', 'images/2019_03_14_1552577088_1.png', 0, '2019-03-14 15:24:48'),
(34, 3, '“Тамир” кино театрын нээлт боллоо', '<p style=\"text-align: justify;\">Архангай аймгийн Гэр бүл, хүүхэд, залуучуудын хөгжлийн газрын дэргэдэх &ldquo;Тамир&rdquo; кино театрын үйл ажиллагааг эхлүүллээ. Тус кино театр нь анх 1976 онд ашиглалтад орсон хэдий ч сүүлийн 20 гаруй жил зориулалтын дагуу ашиглаагүй, урлагийн тайз хэлбэрээр ашиглаж байлаа.&nbsp; &nbsp;</p>\r\n<p style=\"text-align: justify;\">Харин өнгөрсөн 2018 онд нийт 200 гаруй сая төгрөгийн хөрөнгө оруулалтаар 150 хүний суудалтайгаар засварлан тохижуулж, сүүлийн үеийн тоног төхөөрөмж бүхий кино театрын зориулалтаар ашиглах техник хэрэгсэл, дөрвөн төрлийн автомат тоглоомыг суурилуулсан ба ийнхүү ашиглалтад өгөөд байна.</p>\r\n<p style=\"text-align: justify;\">Хүүхэд, залуучууд чөлөөт цагаа зөв боловсон өнгөрүүлэх, шинээр гарсан кино үзвэрүүдийг цаг алдалгүй үзэх театртай болсондоо баяртай байгаагаа илэрхийлж байлаа.</p>\r\n<p style=\"text-align: justify;\">3-р сарын 1, 2-нд 19.00, 21.00 цагуудаас Монголын уран сайхны кинонуудыг үнэгүй гаргах юм.</p>', 'images/2019_03_14_1552577194_1.png', 0, '2019-03-14 15:26:34'),
(35, 3, 'Хүнсний бүтээгдэхүүн худалдан авах эрхийн бичгийг 4000 орчим хүүхэд авна', '<p style=\"text-align: justify;\">Архангай аймгийн ХХҮГ-ын өрхийн мэдээллийн нэгдсэн санд бүртгэгдсэн амьжиргааны түвшний 310 онооноос доош оноотой зорилтод бүлгийн 1757 өрхийн 9000 иргэн 2019 онд хүнсний бүтээгдэхүүн худалдан авах эрхийн бичиг авах ажээ. Хүнсний бүтээгдэхүүн худалдан авах эрхийн бичиг авах нийт иргэдийн 3928 нь 0-18 насны хүүхэд байна.</p>\r\n<p style=\"text-align: justify;\">Өнгөрсөн жилээс хүнсний талоны нэг хүнд ноогдох мөнгөний хэмжээ өссөн ба том хүн 16000, хүүхэд 8000 төгрөг болж өсчээ. 2019 онд Архангай аймаг хүнсний талонд нийт 1 тэрбум 462 сая төгрөгийг зарцуулах юм байна. 2018 онд 1,3 тэрбум төгрөгийг зарцуулжээ.</p>\r\n<p style=\"text-align: justify;\">Аймгийн хэмжээнд хүнсний бүтээгдэхүүн худалдан авах эрхийн бичгээр үйлчлэх ... хүнсний дэлгүүр шалгарсан байна.</p>', 'images/2019_03_14_1552577241_1.png', 0, '2019-03-14 15:27:21'),
(36, 3, '“Боржигон” хүүхэлдэйн театр үйл ажиллагаагаа эхлүүллээ', '<p style=\"text-align: justify;\">Архангай аймагт &ldquo;Боржигон&rdquo; хүүхэлдэйн театр үйл ажиллагаагаа эхлүүллээ. Энэ театр нь аймагтаа анхдагч бөгөөд ирээдүйд эх орноо удирдан жолоодох өсвөр үеийн хүүхэд багачуудаа мэдээллийн эрин зуунд бий болсон хяналтгүй соёлын довтолгооноос хамгаалж эх орон, байгаль дэлхий, ан амьтан, найз нөхдийн үерхэл, нөхөрлөлийн тухай өгүүлсэн, тэдний нас сэтгэхүйн онцлогт тохирсон урлагийн бүтээлүүдээр дамжуулан үндэсний өв соёл, ардын аман зохиолын дээж, түүхэн уламжлалаа бахархан дээдлэх, оюуны чадавхитай Монгол хүн болгон төлөвшүүлэх зорилгтой ажээ.</p>\r\n<p style=\"text-align: justify;\">Хүүхэлдэйн театр нь цэцэрлэгийн болон ЕБС-ийн бага ангийн хүүхэд багачуудад зориулагдсан Монголын үлгэр, туульсын зохиолууд болон гадаадын зохиолуудыг тайзнаа амилуулан хүүхэлдэйн багт, таягт, утсан, бээлийт, хуруун, сүүдэр гэх мэт бүхийл төрөл жанраар уран бүтээлээ туурвих юм.&nbsp;</p>\r\n<p style=\"text-align: justify;\">&ldquo;Боржигон&rdquo; хүүхэлдэйн театр тун удахгүй бяцхан хүүхэд багачууддаа зориулан &ldquo;Гурван тооройн үлгэр&rdquo;-ээс сэдэвлэсэн таягт хүүхэлдэйн жүжгийг Цэцэрлэг хотноо тоглох гэж байна.</p>', 'images/2019_03_14_1552577308_1.png', 0, '2019-03-14 15:28:28'),
(37, 3, '“Элэгний эмгэггүй Архангай” төслийн үр дүнг олон улсад танилцуулав', '<p style=\"text-align: justify;\">УИХ-ын гишүүн Г.Тэмүүлэн болон Архангай аймгийн Нэгдсэн эмнэлгийн эмч нар Филиппин Улсад болсон Ази, Номхон Далайн Элэг судлалын нийгэмлэгийн 28 дугаар хуралд оролцож, Архангай аймагт хэрэгжиж буй &ldquo;Элэгний эмгэггүй Архангай&rdquo; төслийн үр дүнгийн танилцуулгыг хийжээ.</p>\r\n<p style=\"text-align: justify;\">Архангай аймгийн хэмжээнд 15-аас дээшхи насны 41836 хүн \"Ц вирус\"-ын илрүүлэгт хамрагдаж \"Ц вирус\"-ын идэвхжил илэрсэн 2379 хүнийг эрт үед нь оношилон, 5 тэрбум 290 сая төгрөгийн эмийг үнэ төлбөргүй өгч бүрэн эдгээж чадсан. Энэ нь Монгол Улсын 2000 гаруй өрх элэг бүтэн, эрүүл мэндийн, хөдөлмөрийн болон нийгмийн халамжийн санд учрах эрсдлийг бууруулж чадсан юм. Мөн элэгний хавдрын 49 тохиолдлыг илрүүлж, бүрэн эмчилсэн байна.</p>\r\n<p style=\"text-align: justify;\">Олон улсын энэхүү хурлын үеэр \"Элэгний эмгэггүй Архангай\" төслийг гадны эмч, судлаачид, эрдэмтэд ихээр сайшааж Монгол Улс болон олон улсад элэгний хавдартай тэмцэх үйл хэрэгт үнэтэй туршлага болсоныг онцолжээ.</p>', 'images/2019_03_14_1552577804_1.png', 0, '2019-03-14 15:36:44'),
(38, 3, 'Гэсэр багшийн шүтээнийг ханш нээх өдөр хүртэл хийддээ залах ажээ', '<p style=\"text-align: justify;\">Жагарын 84 дүвчингийн нэг ард олноо Өвгөн Гэсэр лам хэмээн хүндлэгдсэн Тойн эрдэнэ Цэвээнрашийн Чүлтэмжамцын гүдэнг Цахир сумын төвд байрлах Донагдамбаравжаалан хийдэд энэ сарын 23-ны өдөр заллаа. Гэсэр багшид мөргөж, золгох, буян үйлдэж, ажил үйлс, амьдралаа даатган залбирах Монголын сүсэгтэн олон хол ойроос зорин цугласан байна. Эл өдөр гомбо тахиж, чогчид өргөжээ. Түүнчлэн Цахир сумаас тодорсон Ялгуусан хутагтын 17-р дүр Данзанванчүг хүрэлцэн ирж, нутгийн зон олондоо ерөөлөө айлдсан байна.</p>\r\n<p style=\"text-align: justify;\">Өвгөн Гэсэр ламын шүтээнийг Цахир сумын төвийн Донагдамбаравжаалан хийдэд ханш нээх өдрийг хүртэл байлгаж, сүсэгтэн олныг мөргүүлж, буян үйлдүүлэх юм ажээ. Шороон гахай жилийн хаврын сарын ханш нээх өдөр нь аргын тооллын 4-р сарын 5-ны өдөр таарч байгаа юм. Ийм учраас сүсэгтэн олон ханш нээх өдөр хүртэл Гэсэр багшийг зорьж, золгож болох ажээ. Энэ үеэр Шашин урлагийн цэнгүүнийг ч зохион байгуулахаар төлөвлөжээ.</p>\r\n<p style=\"text-align: justify;\">Итгэлт хамбаас ч олон зуун жилийн настай эдгээр хувилгаадад сүсэгтэн олныг мөргүүлэх, мөргөлийн аялал жуулчлалыг хөгжүүлэх талаар Цахир сумын удирдлагууд бодлого, төлөвлөгөөтэй ажиллаж байгаа ажээ.</p>', 'images/2019_03_14_1552577929_1.png', 0, '2019-03-14 15:38:49'),
(39, 3, 'Хүүхэлдэйн баатар “School police” болох нь эерэгээр нөлөөлж байна', '<p style=\"text-align: justify;\">Архангай аймгийн Цагдаагийн газар нь аймгийн &ldquo;Боржигон&rdquo; хүүхэлдэйн театртай хамтран хүүхэлдэйн баатрын дүрээр &ldquo;School police&rdquo; болж сургуулийн орчинд эргүүл хийжээ. Энэ нь шинэлэг ажил бөгөөд бага насны хүүхдүүдэд эерэгээс нөлөөлж, хүүхдийг түүнийг харан, даган дуурайж байжээ.</p>\r\n<p style=\"text-align: justify;\">Сургуулийн орчинд хүүхдийг осол гэмтлээс урьдчилан сэргийлэх, аливаа эрсдэлээс хамгаалах, эцэг эхийн үүрэг хариуцлагыг нэмэгдүүлэх зорилгоор аймгийн Иргэдийн Төлөөлөгчдийн Хурлын 2015 оны 09 дүгээр сарын 29-ний өдрийн 61 дүгээр тогтоолоор батлагдсан &ldquo;School police&rdquo; эцэг эхийн эргүүлийн үйл ажиллагаа нь байнгын тогтвортой явагдаж байгаа. Ингэж ажилласнаас хойш сургуулийн орчинд хүүхэд ямар нэг зөрчил болон авто тээврийн хохирогч болоогүй байна.</p>', 'images/2019_03_14_1552578062_1.png', 0, '2019-03-14 15:41:02'),
(40, 3, 'Агентлаг, сумдын үйл ажиллагааны явцын үнэлгээний журмыг шинэчлэн баталлаа', '<p style=\"text-align: justify;\">Аймгийн Засаг даргын эрхлэх асуудлын хүрээний агентлаг, төрийн байгууллага, сумдын ЗДТГ-ын үйл ажиллагааны явцын үнэлгээний журмыг шинэчлэн баталлаа.</p>\r\n<p style=\"text-align: justify;\">Засгийн газрын болон аймгийн Засаг даргын үйл ажиллагааны хөтөлбөр, хууль тогтоомж тогтоол шийдвэр, бодлогын баримт бичиг, байгууллагын үйл ажиллагааны хэрэгжилтийг эрчимжүүлэх, төрийн байгууллагуудын сахилга хариуцлагыг дээшлүүлэх, үйл ажиллагааны уялдаа холбоог сайжруулах, төрийн үйлчилгээний ил тод байдлыг хангах зорилгоор энэхүү явцын үнэлгээ хийх журмыг шинэчлэн баталжээ.</p>\r\n<p style=\"text-align: justify;\">Журамд зааснаар нийт 11 үзүүлэлтээр явцын үнэлгээг хийх бөгөөд журмыг хэрэгжүүлэх ажлын хүрээнд агентлаг, сумын үйл ажиллагааны явцын үнэлгээний самбар ажиллуулж, аймгийн ЗДТГ-ын Хяналт-шинжилгээ, үнэлгээ, дотоод аудитын хэлтэс явцын үнэлгээг агентлаг, сум тус бүрээр гаргаж сар бүр нээлттэй байршуулах юм байна.</p>', 'images/2019_03_18_1552873634_IMG1482.JPG', 0, '2019-03-18 01:47:14'),
(41, 3, '“Дөл” тэмцээний аймгийн аварга шалгарав', '<p style=\"text-align: justify;\">Монгол цэргийн өдөр, Зэвсэгт хүчний 98 жилийн ойг угтан аймгийн ЗДТГ-ын Цэргийн штабаас хууль хүчний байгууллага, иргэд, сурагчдын дунд олон ажил зохиож байгаагийн нэг нь аймгийн аварга шалгаруулах цэрэг-спортын &ldquo;Дөл&rdquo; тэмцээн юм.</p>\r\n<p style=\"text-align: justify;\">Аймгийн аварга шалгаруулах &ldquo;Дөл&rdquo; тэмцээний цэрэг-спортын есөн төрөлд Эрдэнэбулган сумын 1, 2, 3, 4, Спортын сургалттай сургууль, Ихтамир сумын ЕБС, МСҮТ гээд долоон сургуулийн баг тамирчид хоёр өдрийн турш өрсөлдөж, өнөөдөр дүнгээ гарган аваргаа тодруулсан байна. &ldquo;Дөл&rdquo; тэмцээний аймгийн аваргаар Итамир сумын ЕБС-ийн баг орсон бол дараагийн байруудад 4-р сургууль, Спортын төрөлжсөн сургалттай сургуулийн багууд орсон байна.&nbsp;</p>\r\n<p style=\"text-align: justify;\">Тэмцээн нь ЕБС-ийн ахлах ангийн сурагчдад цэрэг, эх оронч хүмүүжил олгох, эх орноороо бахархах үзлийг төлөвшүүлэх, тэдэнд бие бялдар, сэтгэлзүйн бэлтгэл, тэсвэр хатуужил олгож, эх орноо батлан хамгаалах бэлтгэл эзэмшүүлэх, монгол цэргийн залгамж халааг бэлтгэх зорилготой бөгөөд энэ жилээс аймгийн Засаг даргын нэрэмжит болгож буйгаараа онцлогтой болсон юм.</p>', 'images/2019_03_18_1552874269_IMG9472.JPG', 0, '2019-03-18 01:57:49'),
(42, 3, 'Сургуулийн ойр байрлах худалдаа, үйлчилгээний газарт хяналт тавив', '<p style=\"text-align: justify;\">&ldquo;Олон улсын хэрэглэгчийн эрхийг хамгаалах өдөр&rdquo;-ийн хүрээнд аймгийн ЗДТГ-ын Хууль, эрх зүйн хэлтэс, Цагдаагийн газар, Мэргэжлийн хяналтын газар, Хэрэглэгчийн эрх ашгийг хамгаалах нийгэмлэг ТББ, 3-р сургуулийн сургалтын албатай хамтран сургуулийн ойр байрлах хүнсний дэлгүүр, цайны газар, PC тоглоомын газруудын үйл ажиллагаанд хяналт, шалгалт хийлээ. Шалгалтаар хугацаа дууссан хүнсний бүтээгдэхүүнийг хураан авч, илэрсэн зөрчил дутагдлыг арилгуулахаар үйл ажиллагааг түр түдгэлзүүлсэн юм.</p>\r\n<p style=\"text-align: justify;\">Мөн Эрдэнэбулган сумын 2-р сургуулийн сурагчид болон эцэг эх, багш нарын төлөөлөлд &ldquo;Ухаалаг хэрэглээ&rdquo;, &ldquo;Цахим хэрэглээний хор уршиг&rdquo;, &ldquo;Эрүүл аюулгүй хүнсний бүтээгдэхүүн&rdquo;, \"Хүүхдийг үл хайхрах хүчирхийллийн хор уршиг, түүнээс урьдчилан сэргийлэх нь\" зэрэг сэдвийн хүрээнд сургалт мэдээлэл зохион байгууллаа. Сургалтад 200 гаруй сурагч, эцэг эхчүүд хамрагдав.</p>', 'images/2019_03_18_1552874575_IMG9561.JPG', 0, '2019-03-18 02:02:55'),
(43, 3, 'Аялал жуулчлалын чиглэлийн байгууллагууд сургалтад хамрагдаж байна', '<p style=\"text-align: justify;\">\"Орхоны хөндийд аялал жуулчлалыг хөгжүүлэх стратеги 2020\" бодлогын баримт бичгийн зорилтыг хэрэгжүүлэх ажлын хүрээнд сумдын аялал жуулчлалын хөгжлийн дэд хорооны бүрэлдэхүүнд багтсан төрийн болон төрийн бус байгууллага, аж ахуйн нэгжийн төлөөллүүдэд аялал жуулчлалын чиглэлээр үйл ажиллагаа, арга хэмжээ зохион байгуулахдаа анхаарах мэргэжил арга зүйн зөвлөгөө өгч, чадавхжуулах сургалтыг төв Номын сангийн сургалтын зааланд зохион байгуулж байна.</p>\r\n<p style=\"text-align: justify;\">Сургалтаар орон нутагт аялал жуулчлалыг хөгжүүлэхэд тулгамдаж буй асуудлуудыг хэрхэн шийдвэрлэх, эвент арга хэмжээг зохиоход анхаарах зүйлс, орон нутгийн аялал жуулчлалын нөөцүүдийг хэрхэн бүтээгдэхүүн болгон хөгжүүлэх, эдийн засгийн эргэлтэд оруулах, сурталчилгаа, маркетингийг хэрхэн оновчтой хийх, тур компаниудтай хэрхэн хамтарч ажиллах зэрэг сэдвүүдээр мэдээлэл солилцож, туршлагаасаа хуваалцсан юм.</p>', 'images/2019_03_18_1552874997_IMG9795.JPG', 0, '2019-03-18 02:09:57'),
(44, 3, '“Өвсний үндэс” хөтөлбөрийн хүрээнд аймгийн Нэгдсэн эмнэлэг их засварт орно', '<p style=\"text-align: justify;\">Япон Улсаас Монгол Улсад суугаа Онц бөгөөд Бүрэн эрхт Элчин сайд М.Такаока болон Архангай аймгийн Засаг дарга Ц.Мөнхнасан нар Япон Улсын Засгийн газрын \"Өвсний үндэс-Хүний аюулгүй байдлыг хангах буцалтгүй тусламжийн хөтөлбөр\"-ийн хүрээнд &ldquo;Аймгийн нэгдсэн эмнэлгийн засварын төсөл&rdquo;-ийг хэрэгжүүлэх гэрээнд өнөөдөр гарын үсэг зурлаа.</p>\r\n<p style=\"text-align: justify;\">Нэгдсэн эмнэлэг нь 1970-аад оноос хойш их засварт ороогүй бөгөөд \"Өвсний үндэс\" хөтөлбөрийн хүрээнд 76,967 ам.доллар буюу 197,3 сая төгрөгөөр иж бүрэн засварт орохоор боллоо. Засвар энэ ондоо дуусна.</p>\r\n<p style=\"text-align: justify;\">Япон Улсын Засгийн газрын \"Өвсний үндэс-Хүний аюулгүй байдлыг хангах буцалтгүй тусламжийн хөтөлбөр\"-өөс Архангай аймаг эрүүл мэндийн салбартаа ийнхүү хоёр дахь удаагаа буцалтгүй тусламжийн хөрөнгө оруулалтыг авч байна. Харин боловсролын салбарт өнгөрсөн жил Тариат сумын ЕБС-ийн хүүхдийн 3 давхар дотуур байрны засварыг 200 гаруй сая төгрөгөөр бүрэн зассан юм.</p>', 'images/2019_03_18_1552875403_IMG9912.JPG', 0, '2019-03-18 02:16:43'),
(49, 3, 'Зарлан мэдээллийн дохиогоор 28930 гаруй иргэн цуглажээ', '<p>Гамшгийн аюулын тухай зарлан мэдээллийн дохиогоор ажиллах дадлага, сургуулийг 03 дугаар сарын 21-ний 16.00 цагт Архангай аймгийн хэмжээнд зохион байгууллаа.</p>\r\n<p>Дадлага сургуульд аймгийн хэмжээнд гамшгаас хамгаалах алба, мэргэжлийн анги, төрийн байгууллага, аж ахуйн нэгж, сурагчид, иргэд гээд нийт 28930 гаруй иргэд хамрагдсан байна.</p>\r\n<p>Харин Эрдэнэбулган сумын хэмжээнд гамшгаас хамгаалах 12 алба, 19 мэргэжлийн ангийн 482 бие бүрэлдэхүүн Г.Дэмид жанжины талбайд зарлан мэдээллийн дохиогоор цуглаж, ОБГ-аас аймгийн ЗДТГ-ын байранд эрэн хайх аврах ажиллагааны үзүүлэх сургуулийг зохион байгууллаа.</p>\r\n<p>Энэхүү дадлага, сургууль нь ямарваа нэг гамшиг, эрсдэл тохиоход өөрийгөө болон хажуу дахь хүнээ хэрхэн аврах, анхан шатны ямар тусламж үзүүлж чадах, зарлан мэдээллийн бүх сувгуудийг яаж ашиглах зэрэг мэдлэг, дадлага өгдгөөрөө ач холбогдолтой юм.</p>', 'images/2019_03_23_1553308208_54515622_978116925912502_9045364974083375104_n.jpg', 0, '2019-03-23 02:30:08'),
(50, 3, 'Мал төллөлт 0.9 хувьтай байна', '<p>Архангай аймгийн хэмжээнд 2019 онд нийт 2365.0 мянган толгой хээлтэгч мал төллөхөөс 03 сарын 15-ны байдлаар 22.3 мянган толгой мал төллөсөн байна. Үүнээс,13 толгой ингэ, 54 толгой гүү, 682 толгой үнээ, 15603 толгой эм хонь, 5977 толгой эм ямаа төллөж, аймгийн дүнгээр бод малын 0.21 хувь, бог малын 1.08 хувь төллөсөн байна. Өөрөөр хэлбэл, мал төллөлт 0.9 хувьтай байна.</p>\r\n<p>Энэ өвөл 5736 толгой мал зүй бусаар хорогдсон бөгөөд үүнээс өвчнөөр 63 толгой мал буюу 0.1 хувь нь хорогдсоныг аймгийн ХХААГ-аас мэдээллээ.</p>', 'images/2019_03_23_1553308479_54730838_2289770841344110_8809594226133172224_n.jpg', 0, '2019-03-23 02:31:03'),
(51, 3, 'Монгол цэргийн өдрөөр ОБГ-ын хоёр алба хаагч цол нэмлээ', '<p>Өнөөдөр Монгол цэргийн өдөр, Зэвсэгт хүчний 98 жилийн ой, Халх голын дайны ялалтын 80 жилийн ойн баяр тохиож байна. Энэ өдөр аймгийн удирдлагууд болон тусгайлсан чиг үүрэг бүхий байгууллагуудын удирдлага, бие бүрэлдэхүүн өрлөг жанжин Г.Дэмидийн хөшөөнд цэцэг өргөлөө.</p>\r\n<p>Энэ үеэр Монгол цэргийн өдөр, зэвсэгт хүчний 98 жилийн ой, Халх голын дайны ялалтын 80 жилийн ойн баярт зориулсан &ldquo;Марш тактик&rdquo;, &ldquo;Дөл&rdquo;, волейбол, буудлага, эссэ бичлэгийн уралдааны шагналт байрын шагналуудыг гардуулав.&nbsp;</p>\r\n<p>Волейболын тэргүүн байрт Цагдаагийн газрын баг, буудлагын тэмцээний тэргүүн байрт ШШГГ-ын дэд хурандаа Б.Цэндсүрэн, дэслэгч Г.Цэрэнсодном, аймгийн Засаг дарыг нэрэмжит &ldquo;Дөл&rdquo; тэмцээний тэргүүн байрт Ихтамир сумын ЕБС-ын баг тамирчид, &ldquo;Монгол цэрэг&rdquo; эссэ бичлэгийн уралдааны тэргүүн байрт МСҮТ-ийн оюутан С.Ганзориг, &ldquo;Марш тактик&rdquo; тэмцээний тэргүүн байрт ШШГГ-ын баг тус тус орсон юм.</p>\r\n<p>Мөн Монгол Улсын Ерөнхийлөгчийн зарлигаар ОБГ-ын гэрээт ажилтан Д.Дондогмааг хөдөлмөрийн хүндэт медалиар, ОБЕГ-ын даргын тушаалаар аймгийн ОБГ-ын холбоо зарлан мэдээлэл хариуцсан мэргэжилтэн Х.Чүлтэмсүрэнг хугацааны ахлах дэслэгч цолоор, ОБГ-ын шуурхай удирдлагын оператор О.Саранцэцэгийг&nbsp; хугацааны ахлах ахлагч цолоор тус тус шагнасныг гардуулж өглөө.</p>\r\n<p>&nbsp;</p>\r\n<p>&nbsp; &nbsp; &nbsp; &nbsp; &nbsp; &nbsp; &nbsp; &nbsp; &nbsp; &nbsp; &nbsp; &nbsp; &nbsp; &nbsp; &nbsp; &nbsp; &nbsp; &nbsp; &nbsp; &nbsp; &nbsp; &nbsp; &nbsp; &nbsp; &nbsp; &nbsp; &nbsp; &nbsp; &nbsp; &nbsp; &nbsp; &nbsp; &nbsp; &nbsp; &nbsp; &nbsp; &nbsp; &nbsp; &nbsp; &nbsp; &nbsp; &nbsp; &nbsp; &nbsp; &nbsp; &nbsp; &nbsp; &nbsp; &nbsp; &nbsp; &nbsp; &nbsp; &nbsp; &nbsp; &nbsp; &nbsp; &nbsp; &nbsp; &nbsp; &nbsp; &nbsp; &nbsp; &nbsp;&nbsp;</p>\r\n<p><strong>Б.Гэрэлт-Од</strong></p>', 'images/2019_03_23_1553308323_55498094_638955016524686_4171535476420771840_n.jpg', 0, '2019-03-23 02:32:03'),
(52, 3, 'Аймгийн газар хөдлөлтийн байнгын ажиллагаатай зөвлөл хуралдлаа', '<p>Өнөөдөр аймгийн газар хөдлөлтийн байнгын ажиллагаатай зөвлөл хуралдаж, 2019, 2020 онд хэрэгжүүлэх ажлын төлөвлөгөөг баталлаа.</p>\r\n<p>Архангай аймаг нь хангайн уулархаг нутагт оршдог тул газар хөдлөлтийн идэвхитэй бүсэд хамаарагддаг ба Эрдэнэбулган сум нь газар хөдлөлтийн 7-8 балл буюу 9-10 магнитутын идэвхтэй бүсэд оршдог байна.</p>\r\n<p>2018-2019 онуудад Архангай аймагт нийт 1264 удаа газар хөдлөлт болжээ.</p>\r\n<p>2019 оны 1-р улирлын байдлаар 295 газар хөдлөлт үндэсний мэдээллийн төвд бүртгэгдсэн байна.</p>', 'images/2019_03_23_1553308449_54435552_2011016655860407_2125311089787797504_n.jpg', 0, '2019-03-23 02:34:09'),
(53, 11, 'Цэцэрлэг хотод дулааны станц баригдахтай холбоотой олон нийтийн нээлттэй хэлэлцүүлгийг зохион байгууллаа', '<p>Энэ үеэр иргэдэд дулааны станци барих төслийн болон түүний байгаль орчин, нийгмийн нөлөөллийн нарийвчилсан үнэлгээний талаар мэдээлэл өглөө. Мөн тус ажлын хэсэг аймгийн удирдлагуудтай уулзаж, төслийн явц ямар шатанд явж байгаа талаар мэдээлэл өгсөн юм.<br /><br /><img src=\"https://scontent.fuln1-2.fna.fbcdn.net/v/t1.0-9/53923234_1181375152030380_388119646030528512_o.jpg?_nc_cat=108&amp;_nc_ht=scontent.fuln1-2.fna&amp;oh=8174551ca961dac7fad91580b7e36383&amp;oe=5D0DAD7D\" alt=\"\" width=\"720\" height=\"480\" /></p>\r\n<p>&nbsp;</p>\r\n<p><img src=\"https://scontent.fuln1-1.fna.fbcdn.net/v/t1.0-9/53469143_1181375315363697_6773324830662983680_o.jpg?_nc_cat=109&amp;_nc_ht=scontent.fuln1-1.fna&amp;oh=347715d390e1be1fbf046cbc2dfd6c05&amp;oe=5D4C1A14\" alt=\"\" width=\"720\" height=\"480\" /></p>', 'images/2019_03_23_1553319039_53588330_1181375132030382_1853431619772219392_o.jpg', 0, '2019-03-23 05:30:39');

-- --------------------------------------------------------

--
-- Table structure for table `permission`
--

CREATE TABLE `permission` (
  `id` int(11) NOT NULL,
  `uid` int(11) NOT NULL,
  `medee` enum('0','1') COLLATE utf8_unicode_ci NOT NULL,
  `tender` enum('0','1') COLLATE utf8_unicode_ci NOT NULL,
  `support` enum('0','1') COLLATE utf8_unicode_ci NOT NULL,
  `q_and_a` enum('0','1') COLLATE utf8_unicode_ci NOT NULL,
  `youtube` enum('0','1') COLLATE utf8_unicode_ci NOT NULL,
  `medeelel` enum('0','1') COLLATE utf8_unicode_ci NOT NULL
) ENGINE=InnoDB DEFAULT CHARSET=utf8 COLLATE=utf8_unicode_ci;

--
-- Dumping data for table `permission`
--

INSERT INTO `permission` (`id`, `uid`, `medee`, `tender`, `support`, `q_and_a`, `youtube`, `medeelel`) VALUES
(1, 1, '1', '1', '1', '1', '1', '1'),
(2, 2, '0', '1', '0', '0', '1', '0'),
(3, 5, '0', '0', '0', '0', '0', '0');

-- --------------------------------------------------------

--
-- Table structure for table `support`
--

CREATE TABLE `support` (
  `id` int(11) NOT NULL,
  `name` varchar(255) COLLATE utf8_unicode_ci NOT NULL,
  `email` varchar(255) COLLATE utf8_unicode_ci NOT NULL,
  `phone` int(11) NOT NULL,
  `body` text COLLATE utf8_unicode_ci NOT NULL,
  `visited` enum('0','1') COLLATE utf8_unicode_ci NOT NULL,
  `datetime` timestamp NOT NULL DEFAULT CURRENT_TIMESTAMP
) ENGINE=InnoDB DEFAULT CHARSET=utf8 COLLATE=utf8_unicode_ci;

--
-- Dumping data for table `support`
--

INSERT INTO `support` (`id`, `name`, `email`, `phone`, `body`, `visited`, `datetime`) VALUES
(7, 'Adiya Ganbat', 'yagamipassion0322@gmail.com', 95522065, 'dada', '1', '2019-03-04 15:12:17'),
(8, 'Adiya Ganbat', 'yagamipassion0322@gmail.com', 95522065, 'asd', '1', '2019-03-05 04:30:25'),
(10, 'Adiya Ganbat123', 'yagamipassion0322@gmail.com', 95522065, 'Hello it is a test!', '0', '2019-03-09 12:59:08');

-- --------------------------------------------------------

--
-- Table structure for table `tender`
--

CREATE TABLE `tender` (
  `id` int(11) NOT NULL,
  `torol_id` int(11) NOT NULL,
  `title` varchar(255) COLLATE utf8_unicode_ci NOT NULL,
  `body` text COLLATE utf8_unicode_ci NOT NULL,
  `file` varchar(255) COLLATE utf8_unicode_ci NOT NULL,
  `view` int(11) NOT NULL,
  `datetime` timestamp NOT NULL DEFAULT CURRENT_TIMESTAMP
) ENGINE=InnoDB DEFAULT CHARSET=utf8 COLLATE=utf8_unicode_ci;

--
-- Dumping data for table `tender`
--

INSERT INTO `tender` (`id`, `torol_id`, `title`, `body`, `file`, `view`, `datetime`) VALUES
(3, 3, 'Төсвийн ерөнхийлөн захирагчийн 2019 оны Худалдан авах ажиллагааны Нэгтгэл төлөвлөгөө', '<p data-reactid=\".x47vihjshs.3.0.0.0.0.0.1\">Төсвийн ерөнхийлөн захирагчийн 2019 оны Худалдан авах ажиллагааны Нэгтгэл төлөвлөгөө</p>', 'files/2019_03_29_1553819918_test.docx', 0, '2019-03-02 13:58:29');

-- --------------------------------------------------------

--
-- Table structure for table `tender_torol`
--

CREATE TABLE `tender_torol` (
  `id` int(11) NOT NULL,
  `name` varchar(255) COLLATE utf8_unicode_ci NOT NULL
) ENGINE=InnoDB DEFAULT CHARSET=utf8 COLLATE=utf8_unicode_ci;

--
-- Dumping data for table `tender_torol`
--

INSERT INTO `tender_torol` (`id`, `name`) VALUES
(2, 'Тендерийн урилга'),
(3, 'Aлбаны төлөвлөгөө'),
(4, 'Тендерийн үр дүн, тайлан мэдээ');

-- --------------------------------------------------------

--
-- Table structure for table `tosow_sankhuu`
--

CREATE TABLE `tosow_sankhuu` (
  `id` int(11) NOT NULL,
  `title` varchar(255) COLLATE utf8_unicode_ci NOT NULL,
  `body` text COLLATE utf8_unicode_ci NOT NULL
) ENGINE=InnoDB DEFAULT CHARSET=utf8 COLLATE=utf8_unicode_ci;

--
-- Dumping data for table `tosow_sankhuu`
--

INSERT INTO `tosow_sankhuu` (`id`, `title`, `body`) VALUES
(1, 'Төсөв санхүүгийн ил тод байдал', '<p>Төсөв санхүүгийн ил тод байдал</p>'),
(2, 'Хууль тогтоомж', 'Хууль тогтоомж'),
(3, 'Төсвийн төсөл', 'Төсвийн төсөл'),
(4, 'Батлагдсан төсөв', 'Батлагдсан төсөв'),
(5, 'Төсвийн хуваарь', 'Төсвийн хуваарь'),
(6, 'Төсвийн гүйцэтгэл', 'Төсвийн гүйцэтгэл'),
(7, 'Аудитын дүгнэлт', 'Аудитын дүгнэлт');

-- --------------------------------------------------------

--
-- Table structure for table `uil_ajillagaa`
--

CREATE TABLE `uil_ajillagaa` (
  `id` int(11) NOT NULL,
  `title` varchar(255) COLLATE utf8_unicode_ci NOT NULL,
  `body` text COLLATE utf8_unicode_ci NOT NULL
) ENGINE=InnoDB DEFAULT CHARSET=utf8 COLLATE=utf8_unicode_ci;

--
-- Dumping data for table `uil_ajillagaa`
--

INSERT INTO `uil_ajillagaa` (`id`, `title`, `body`) VALUES
(1, 'Үйл ажиллагааны ил тод байдал', '<p>Үйл ажиллагааны ил тод байдал</p>'),
(2, 'Хууль тогтоомж', 'Хууль тогтоомж'),
(3, 'Шуурхай зөвлөгөөн', 'Шуурхай зөвлөгөөн'),
(4, 'Үүрэг даалгаварын биелэлт', 'Үүрэг даалгаварын биелэлт'),
(5, 'Өргөдөл гомдлын шийдвэрлэлт', 'Өргөдөл гомдлын шийдвэрлэлт'),
(6, 'Сарын мэдээ', 'Сарын мэдээ'),
(7, 'Долоо хоногийн  мэдээ', 'Долоо хоногийн  мэдээ'),
(8, 'Согтууруулах ундаа, түүгээр үйлчилүүлэх тусгай зөвшөөрөл', '<p>Согтууруулах ундаа, түүгээр үйлчилүүлэх тусгай зөвшөөрөл</p>\r\n<p>Don\'t cry</p>');

-- --------------------------------------------------------

--
-- Table structure for table `users`
--

CREATE TABLE `users` (
  `id` int(11) NOT NULL,
  `first_name` varchar(255) COLLATE utf8_unicode_ci NOT NULL,
  `last_name` varchar(255) COLLATE utf8_unicode_ci NOT NULL,
  `email` varchar(255) COLLATE utf8_unicode_ci NOT NULL,
  `phone` int(11) NOT NULL,
  `password` varchar(255) COLLATE utf8_unicode_ci NOT NULL,
  `token` varchar(255) COLLATE utf8_unicode_ci NOT NULL,
  `recover` enum('0','1') COLLATE utf8_unicode_ci NOT NULL,
  `profile` varchar(255) COLLATE utf8_unicode_ci NOT NULL,
  `status` enum('0','1') COLLATE utf8_unicode_ci NOT NULL,
  `datetime` datetime NOT NULL DEFAULT CURRENT_TIMESTAMP
) ENGINE=InnoDB DEFAULT CHARSET=utf8 COLLATE=utf8_unicode_ci;

--
-- Dumping data for table `users`
--

INSERT INTO `users` (`id`, `first_name`, `last_name`, `email`, `phone`, `password`, `token`, `recover`, `profile`, `status`, `datetime`) VALUES
(1, 'arkhangai', 'arkhangai', 'admin@arkhangai.gov.mn', 88997766, 'f6d9eb74aaf18d8242a31bdca4c42330', 'b44527a948a04c0394d027476cb0ae1c', '1', 'assets/images/users/2019_03_28_1553760827_54354256_2565361850157846_7485928066200371200_n.png', '0', '2019-03-28 09:16:08'),
(2, 'ftest', 'ltest', 'test@gmail.com', 11223344, '098f6bcd4621d373cade4e832627b4f6', '', '0', 'assets/images/users/2019_03_28_1553764275_3f5dc9b80a1366645930e352ac108125.jpg', '0', '2019-03-28 16:49:06'),
(5, 'ftest', 'ltest', 'test1@gmail.com', 123456, '202cb962ac59075b964b07152d234b70', '4e7474e5ab59b371c9fb20a5e29b878b', '1', 'assets/images/users/2019_03_29_1553833391_huree-logo.png', '0', '2019-03-29 12:23:11');

-- --------------------------------------------------------

--
-- Table structure for table `vote`
--

CREATE TABLE `vote` (
  `id` int(11) NOT NULL,
  `question` int(11) NOT NULL,
  `answer` int(11) NOT NULL,
  `ip` varchar(255) COLLATE utf8_unicode_ci NOT NULL,
  `datetime` varchar(255) COLLATE utf8_unicode_ci NOT NULL
) ENGINE=InnoDB DEFAULT CHARSET=utf8 COLLATE=utf8_unicode_ci;

--
-- Dumping data for table `vote`
--

INSERT INTO `vote` (`id`, `question`, `answer`, `ip`, `datetime`) VALUES
(4, 6, 25, '::1', '2019-03-04'),
(5, 6, 25, '::1', '2019-03-05'),
(6, 6, 27, '198.52.38.4', '2019-03-05'),
(7, 6, 27, '43.228.130.230', '2019-03-05'),
(8, 6, 26, '124.158.108.188', '2019-03-05'),
(9, 6, 26, '202.126.89.113', '2019-03-05'),
(10, 6, 26, '202.179.24.243', '2019-03-05'),
(11, 6, 27, '104.143.209.101', '2019-03-08'),
(12, 6, 25, '202.126.89.9', '2019-03-09'),
(13, 6, 25, '203.91.115.37', '2019-03-11'),
(14, 6, 25, '203.91.116.118', '2019-03-14'),
(15, 6, 25, '202.179.2.130', '2019-03-15'),
(16, 6, 25, '202.179.2.130', '2019-03-16'),
(17, 6, 25, '202.179.31.12', '2019-03-18'),
(18, 6, 25, '202.126.89.69', '2019-03-20'),
(19, 6, 25, '43.228.130.230', '2019-03-23');

-- --------------------------------------------------------

--
-- Table structure for table `vote_answer`
--

CREATE TABLE `vote_answer` (
  `id` int(11) NOT NULL,
  `ques_id` int(11) NOT NULL,
  `answer` varchar(255) COLLATE utf8_unicode_ci NOT NULL
) ENGINE=InnoDB DEFAULT CHARSET=utf8 COLLATE=utf8_unicode_ci;

--
-- Dumping data for table `vote_answer`
--

INSERT INTO `vote_answer` (`id`, `ques_id`, `answer`) VALUES
(25, 6, 'Google Chrome'),
(26, 6, 'Mozilla Firefox'),
(27, 6, 'Safari');

-- --------------------------------------------------------

--
-- Table structure for table `vote_question`
--

CREATE TABLE `vote_question` (
  `id` int(11) NOT NULL,
  `title` varchar(255) COLLATE utf8_unicode_ci NOT NULL,
  `end_time` varchar(255) COLLATE utf8_unicode_ci NOT NULL
) ENGINE=InnoDB DEFAULT CHARSET=utf8 COLLATE=utf8_unicode_ci;

--
-- Dumping data for table `vote_question`
--

INSERT INTO `vote_question` (`id`, `title`, `end_time`) VALUES
(6, '<p>Та аль интернет хөтөчийг илүү ашиглдаг вэ?</p>', '2019-03-28');

-- --------------------------------------------------------

--
-- Table structure for table `web_visited`
--

CREATE TABLE `web_visited` (
  `id` int(11) NOT NULL,
  `ip_address` varchar(255) COLLATE utf8_unicode_ci NOT NULL,
  `counter` int(11) NOT NULL,
  `datetime` varchar(255) COLLATE utf8_unicode_ci NOT NULL
) ENGINE=InnoDB DEFAULT CHARSET=utf8 COLLATE=utf8_unicode_ci;

--
-- Dumping data for table `web_visited`
--

INSERT INTO `web_visited` (`id`, `ip_address`, `counter`, `datetime`) VALUES
(1, '::1', 0, '2019-03-03'),
(2, '127.0.0.1', 0, '2019-03-02\r\n'),
(3, '127.0.0.1', 0, '2019-03-02'),
(4, '127.0.0.1', 0, '2019-03-01'),
(5, '::1', 0, '2019-03-04'),
(7, '199.79.62.121', 0, '2019-03-05'),
(8, '198.52.38.4', 0, '2019-03-05'),
(9, '198.52.38.4', 0, '2019-03-05'),
(10, '198.52.38.4', 0, '2019-03-05'),
(11, '198.52.38.4', 0, '2019-03-05'),
(12, '198.52.38.4', 0, '2019-03-05'),
(13, '198.52.38.4', 0, '2019-03-05'),
(14, '198.52.38.4', 0, '2019-03-05'),
(15, '198.52.38.4', 0, '2019-03-05'),
(16, '198.52.38.4', 0, '2019-03-05'),
(17, '198.52.38.4', 0, '2019-03-05'),
(18, '198.52.38.4', 0, '2019-03-05'),
(19, '198.52.38.4', 0, '2019-03-05'),
(20, '198.52.38.4', 0, '2019-03-05'),
(21, '198.52.38.4', 0, '2019-03-05'),
(22, '198.52.38.4', 0, '2019-03-05'),
(23, '198.52.38.4', 0, '2019-03-05'),
(24, '198.52.38.4', 0, '2019-03-05'),
(25, '198.52.38.4', 0, '2019-03-05'),
(26, '198.52.38.4', 0, '2019-03-05'),
(27, '198.52.38.4', 0, '2019-03-05'),
(28, '198.52.38.4', 0, '2019-03-05'),
(29, '198.52.38.4', 0, '2019-03-05'),
(30, '198.52.38.4', 0, '2019-03-05'),
(31, '198.52.38.4', 0, '2019-03-05'),
(32, '198.52.38.4', 0, '2019-03-05'),
(33, '198.52.38.4', 0, '2019-03-05'),
(34, '198.52.38.4', 0, '2019-03-05'),
(35, '198.52.38.4', 0, '2019-03-05'),
(36, '198.52.38.4', 0, '2019-03-05'),
(37, '198.52.38.4', 0, '2019-03-05'),
(38, '198.52.38.4', 0, '2019-03-05'),
(39, '198.52.38.4', 0, '2019-03-05'),
(40, '198.52.38.4', 0, '2019-03-05'),
(41, '198.52.38.4', 0, '2019-03-05'),
(42, '198.52.38.4', 0, '2019-03-05'),
(43, '198.52.38.4', 0, '2019-03-05'),
(44, '198.52.38.4', 0, '2019-03-05'),
(45, '198.52.38.4', 0, '2019-03-05'),
(46, '198.52.38.4', 0, '2019-03-05'),
(47, '198.52.38.4', 0, '2019-03-05'),
(48, '198.52.38.4', 0, '2019-03-05'),
(49, '198.52.38.4', 0, '2019-03-05'),
(50, '198.52.38.4', 0, '2019-03-05'),
(51, '198.52.38.4', 0, '2019-03-05'),
(52, '69.171.251.20', 0, '2019-03-05'),
(53, '198.52.38.4', 0, '2019-03-05'),
(54, '69.171.251.2', 0, '2019-03-05'),
(55, '202.126.89.113', 0, '2019-03-05'),
(56, '43.228.130.230', 0, '2019-03-05'),
(57, '124.158.108.188', 0, '2019-03-05'),
(58, '202.179.24.243', 0, '2019-03-05'),
(59, '69.171.251.8', 0, '2019-03-05'),
(60, '103.26.194.1', 0, '2019-03-05'),
(61, '202.126.89.42', 0, '2019-03-05'),
(62, '43.228.130.230', 0, '2019-03-08'),
(63, '195.37.205.20', 0, '2019-03-08'),
(64, '31.184.238.78', 0, '2019-03-08'),
(65, '104.143.209.101', 0, '2019-03-08'),
(66, '46.229.168.132', 0, '2019-03-08'),
(67, '138.246.253.5', 0, '2019-03-08'),
(68, '195.37.205.30', 0, '2019-03-08'),
(69, '51.255.109.171', 0, '2019-03-08'),
(70, '46.229.168.146', 0, '2019-03-08'),
(71, '51.255.109.173', 0, '2019-03-08'),
(72, '185.249.197.229', 0, '2019-03-08'),
(73, '51.255.109.167', 0, '2019-03-08'),
(74, '31.184.238.53', 0, '2019-03-08'),
(75, '46.229.168.138', 0, '2019-03-08'),
(76, '40.77.167.23', 0, '2019-03-08'),
(77, '51.255.109.169', 0, '2019-03-08'),
(78, '51.255.109.172', 0, '2019-03-08'),
(79, '42.236.46.85', 0, '2019-03-08'),
(80, '51.255.109.164', 0, '2019-03-08'),
(81, '51.255.109.175', 0, '2019-03-08'),
(82, '104.140.103.76', 0, '2019-03-08'),
(83, '192.99.15.141', 0, '2019-03-08'),
(84, '17.58.103.30', 0, '2019-03-08'),
(85, '209.17.96.58', 0, '2019-03-08'),
(86, '51.255.109.166', 0, '2019-03-08'),
(87, '51.255.109.174', 0, '2019-03-08'),
(88, '54.36.150.183', 0, '2019-03-08'),
(89, '103.26.193.236', 0, '2019-03-08'),
(90, '51.255.109.161', 0, '2019-03-08'),
(91, '66.249.79.135', 0, '2019-03-08'),
(92, '42.236.10.105', 0, '2019-03-08'),
(93, '207.46.13.42', 0, '2019-03-08'),
(94, '51.255.109.160', 0, '2019-03-08'),
(95, '42.236.10.72', 0, '2019-03-08'),
(96, '31.184.238.198', 0, '2019-03-08'),
(97, '31.184.238.169', 0, '2019-03-08'),
(98, '66.249.79.242', 0, '2019-03-08'),
(99, '66.249.79.151', 0, '2019-03-08'),
(100, '31.184.238.236', 0, '2019-03-08'),
(101, '66.249.79.112', 0, '2019-03-08'),
(102, '209.17.96.66', 0, '2019-03-08'),
(103, '51.255.109.162', 0, '2019-03-08'),
(104, '178.255.215.89', 0, '2019-03-08'),
(105, '31.184.238.234', 0, '2019-03-08'),
(106, '35.194.214.44', 0, '2019-03-08'),
(107, '207.46.13.216', 0, '2019-03-08'),
(108, '51.255.109.165', 0, '2019-03-08'),
(109, '66.249.79.225', 0, '2019-03-08'),
(110, '141.8.142.51', 0, '2019-03-08'),
(111, '66.249.79.119', 0, '2019-03-08'),
(112, '209.17.97.90', 0, '2019-03-08'),
(113, '31.184.238.90', 0, '2019-03-08'),
(114, '209.17.97.98', 0, '2019-03-08'),
(115, '40.77.167.101', 0, '2019-03-08'),
(116, '66.249.79.153', 0, '2019-03-08'),
(117, '51.255.109.163', 0, '2019-03-08'),
(118, '157.55.39.201', 0, '2019-03-08'),
(119, '31.184.238.185', 0, '2019-03-08'),
(120, '46.229.168.151', 0, '2019-03-08'),
(121, '188.4.15.214', 0, '2019-03-08'),
(122, '64.119.17.170', 0, '2019-03-08'),
(123, '66.249.79.155', 0, '2019-03-08'),
(124, '51.255.109.170', 0, '2019-03-08'),
(125, '209.17.97.82', 0, '2019-03-08'),
(126, '93.120.172.144', 0, '2019-03-08'),
(127, '66.249.79.237', 0, '2019-03-08'),
(128, '54.36.149.36', 0, '2019-03-08'),
(129, '209.17.96.42', 0, '2019-03-08'),
(130, '202.126.89.106', 0, '2019-03-08'),
(131, '40.77.167.217', 0, '2019-03-08'),
(132, '46.229.168.152', 0, '2019-03-08'),
(133, '209.17.97.106', 0, '2019-03-08'),
(134, '209.17.97.50', 0, '2019-03-08'),
(135, '54.36.150.52', 0, '2019-03-08'),
(136, '66.249.79.238', 0, '2019-03-08'),
(137, '66.249.79.14', 0, '2019-03-08'),
(138, '207.46.13.228', 0, '2019-03-08'),
(139, '209.17.97.66', 0, '2019-03-08'),
(140, '66.249.79.189', 0, '2019-03-08'),
(141, '66.249.79.72', 0, '2019-03-08'),
(142, '66.249.79.23', 0, '2019-03-08'),
(143, '37.9.113.144', 0, '2019-03-08'),
(144, '162.210.196.100', 0, '2019-03-08'),
(145, '94.23.255.34', 0, '2019-03-08'),
(146, '66.249.79.240', 0, '2019-03-08'),
(147, '66.249.79.121', 0, '2019-03-08'),
(148, '188.166.114.112', 0, '2019-03-08'),
(149, '40.77.167.32', 0, '2019-03-08'),
(150, '207.46.13.229', 0, '2019-03-08'),
(151, '66.249.79.203', 0, '2019-03-08'),
(152, '202.79.243.160', 0, '2019-03-08'),
(153, '178.159.37.38', 0, '2019-03-08'),
(154, '40.77.167.136', 0, '2019-03-08'),
(155, '176.31.116.34', 0, '2019-03-08'),
(156, '157.55.39.162', 0, '2019-03-08'),
(157, '209.17.96.242', 0, '2019-03-08'),
(158, '46.229.168.148', 0, '2019-03-08'),
(159, '66.249.79.102', 0, '2019-03-08'),
(160, '173.252.95.19', 0, '2019-03-08'),
(161, '173.252.95.28', 0, '2019-03-08'),
(162, '78.46.174.55', 0, '2019-03-08'),
(163, '34.73.218.244', 0, '2019-03-08'),
(164, '51.255.109.168', 0, '2019-03-08'),
(165, '46.229.168.149', 0, '2019-03-08'),
(166, '66.249.79.90', 0, '2019-03-08'),
(167, '66.249.79.150', 0, '2019-03-08'),
(168, '207.46.13.202', 0, '2019-03-08'),
(169, '64.71.72.187', 0, '2019-03-08'),
(170, '178.154.244.14', 0, '2019-03-08'),
(171, '213.180.203.55', 0, '2019-03-08'),
(172, '87.250.224.100', 0, '2019-03-08'),
(173, '171.13.14.16', 0, '2019-03-08'),
(174, '54.36.150.14', 0, '2019-03-08'),
(175, '94.23.242.48', 0, '2019-03-08'),
(176, '69.58.178.58', 0, '2019-03-08'),
(177, '69.4.89.106', 0, '2019-03-08'),
(178, '81.159.254.41', 0, '2019-03-08'),
(179, '54.36.148.139', 0, '2019-03-08'),
(180, '35.225.251.171', 0, '2019-03-08'),
(181, '209.17.97.2', 0, '2019-03-08'),
(182, '46.119.112.31', 0, '2019-03-08'),
(183, '209.17.96.26', 0, '2019-03-08'),
(184, '35.222.205.88', 0, '2019-03-08'),
(185, '209.17.96.202', 0, '2019-03-08'),
(186, '34.73.236.160', 0, '2019-03-08'),
(187, '66.249.79.70', 0, '2019-03-08'),
(188, '69.4.87.74', 0, '2019-03-08'),
(189, '203.91.116.118', 0, '2019-03-14'),
(190, '203.91.116.118', 0, '2019-03-14'),
(191, '203.91.116.118', 0, '2019-03-14'),
(192, '203.91.116.118', 0, '2019-03-14'),
(193, '203.91.116.118', 0, '2019-03-14'),
(194, '203.91.116.118', 0, '2019-03-14'),
(195, '64.119.20.4', 0, '2019-03-14'),
(196, '46.229.168.139', 0, '2019-03-14'),
(197, '5.9.144.234', 0, '2019-03-14'),
(198, '66.102.6.187', 0, '2019-03-14'),
(199, '91.206.14.10', 0, '2019-03-14'),
(200, '212.170.60.124', 0, '2019-03-14'),
(201, '93.119.227.91', 0, '2019-03-14'),
(202, '93.119.227.91', 0, '2019-03-14'),
(203, '54.36.149.49', 0, '2019-03-14'),
(204, '157.55.39.118', 0, '2019-03-14'),
(205, '216.244.66.199', 0, '2019-03-14'),
(206, '46.118.157.179', 0, '2019-03-14'),
(207, '54.36.148.20', 0, '2019-03-14'),
(208, '109.201.154.161', 0, '2019-03-14'),
(209, '46.166.190.168', 0, '2019-03-14'),
(210, '80.228.52.30', 0, '2019-03-14'),
(211, '66.181.161.34', 0, '2019-03-14'),
(212, '209.17.97.58', 0, '2019-03-14'),
(213, '52.53.201.78', 0, '2019-03-14'),
(214, '157.55.39.80', 0, '2019-03-14'),
(215, '35.171.159.177', 0, '2019-03-14'),
(216, '188.138.188.34', 0, '2019-03-14'),
(217, '197.231.221.211', 0, '2019-03-14'),
(218, '109.70.100.20', 0, '2019-03-14'),
(219, '185.220.101.60', 0, '2019-03-14'),
(220, '162.220.162.10', 0, '2019-03-14'),
(221, '198.98.56.149', 0, '2019-03-14'),
(222, '158.69.217.87', 0, '2019-03-14'),
(223, '54.36.150.113', 0, '2019-03-14'),
(224, '66.249.66.84', 0, '2019-03-14'),
(225, '40.77.167.125', 0, '2019-03-14'),
(226, '66.222.153.25', 0, '2019-03-14'),
(227, '185.248.160.21', 0, '2019-03-14'),
(228, '103.57.94.128', 0, '2019-03-14'),
(229, '54.36.149.89', 0, '2019-03-14'),
(230, '46.229.168.143', 0, '2019-03-14'),
(231, '75.36.12.92', 0, '2019-03-14'),
(232, '157.55.39.156', 0, '2019-03-14'),
(233, '202.126.89.133', 0, '2019-03-14'),
(234, '66.249.66.51', 0, '2019-03-14'),
(235, '66.249.66.36', 0, '2019-03-14'),
(236, '209.17.97.18', 0, '2019-03-14'),
(237, '188.163.109.153', 0, '2019-03-14'),
(238, '173.249.41.138', 0, '2019-03-14'),
(239, '62.149.29.57', 0, '2019-03-14'),
(240, '66.249.66.63', 0, '2019-03-14'),
(241, '54.36.150.91', 0, '2019-03-14'),
(242, '95.211.194.218', 0, '2019-03-14'),
(243, '213.239.216.194', 0, '2019-03-14'),
(244, '185.220.101.24', 0, '2019-03-14'),
(245, '54.36.148.92', 0, '2019-03-14'),
(246, '54.36.148.207', 0, '2019-03-14'),
(247, '40.77.167.81', 0, '2019-03-14'),
(248, '54.36.148.10', 0, '2019-03-14'),
(249, '194.187.110.38', 0, '2019-03-14'),
(250, '207.46.13.151', 0, '2019-03-14'),
(251, '62.102.148.67', 0, '2019-03-14'),
(252, '159.203.171.72', 0, '2019-03-14'),
(253, '138.197.96.97', 0, '2019-03-14'),
(254, '54.36.150.95', 0, '2019-03-14'),
(255, '107.23.176.162', 0, '2019-03-14'),
(256, '5.8.47.2', 0, '2019-03-14'),
(257, '54.36.149.63', 0, '2019-03-14'),
(258, '46.229.168.142', 0, '2019-03-14'),
(259, '66.249.66.219', 0, '2019-03-14'),
(260, '54.36.149.70', 0, '2019-03-14'),
(261, '43.228.130.230', 0, '2019-03-20'),
(262, '66.249.79.155', 0, '2019-03-20'),
(263, '66.249.79.125', 0, '2019-03-20'),
(264, '202.179.2.130', 0, '2019-03-20'),
(265, '209.17.96.210', 0, '2019-03-20'),
(266, '46.229.168.144', 0, '2019-03-20'),
(267, '66.249.79.238', 0, '2019-03-20'),
(268, '202.126.89.69', 0, '2019-03-20'),
(269, '95.163.255.175', 0, '2019-03-20'),
(270, '95.163.255.176', 0, '2019-03-20'),
(271, '42.51.204.75', 0, '2019-03-20'),
(272, '46.4.5.117', 0, '2019-03-20'),
(273, '66.249.79.228', 0, '2019-03-20'),
(274, '66.249.79.240', 0, '2019-03-20'),
(275, '66.181.187.182', 0, '2019-03-20'),
(276, '66.249.79.135', 0, '2019-03-20'),
(277, '122.201.31.151', 0, '2019-03-20'),
(278, '66.181.160.28', 0, '2019-03-20'),
(279, '69.171.251.24', 0, '2019-03-20'),
(280, '216.244.66.199', 0, '2019-03-20'),
(281, '74.6.168.141', 0, '2019-03-20'),
(282, '64.233.172.150', 0, '2019-03-20'),
(283, '46.229.168.142', 0, '2019-03-20'),
(284, '66.249.79.153', 0, '2019-03-20'),
(285, '209.17.96.218', 0, '2019-03-20'),
(286, '199.249.230.81', 0, '2019-03-20'),
(287, '157.55.39.150', 0, '2019-03-20'),
(288, '203.91.118.180', 0, '2019-03-20'),
(289, '54.36.148.255', 0, '2019-03-20'),
(290, '209.17.96.42', 0, '2019-03-20'),
(291, '46.229.168.153', 0, '2019-03-20'),
(292, '111.199.185.0', 0, '2019-03-20'),
(293, '157.55.39.143', 0, '2019-03-20'),
(294, '202.21.103.170', 0, '2019-03-20'),
(295, '124.158.108.188', 0, '2019-03-20'),
(296, '69.171.251.1', 0, '2019-03-20'),
(297, '202.126.89.82', 0, '2019-03-20'),
(298, '122.174.230.185', 0, '2019-03-20'),
(299, '66.249.79.139', 0, '2019-03-20'),
(300, '69.171.251.23', 0, '2019-03-20'),
(301, '54.36.148.39', 0, '2019-03-20'),
(302, '64.233.172.154', 0, '2019-03-20'),
(303, '95.163.255.155', 0, '2019-03-20'),
(304, '95.163.255.158', 0, '2019-03-20'),
(305, '183.177.98.6', 0, '2019-03-20'),
(306, '103.57.94.246', 0, '2019-03-20'),
(307, '157.55.39.140', 0, '2019-03-20'),
(308, '185.14.193.2', 0, '2019-03-20'),
(309, '66.220.149.6', 0, '2019-03-20'),
(310, '209.17.96.10', 0, '2019-03-20'),
(311, '173.252.79.5', 0, '2019-03-20'),
(312, '138.246.253.5', 0, '2019-03-20'),
(313, '173.252.87.4', 0, '2019-03-20'),
(314, '202.21.117.210', 0, '2019-03-20'),
(315, '173.252.87.7', 0, '2019-03-20'),
(316, '43.242.242.20', 0, '2019-03-20'),
(317, '66.181.160.29', 0, '2019-03-20'),
(318, '54.36.149.86', 0, '2019-03-20'),
(319, '66.181.160.89', 0, '2019-03-20'),
(320, '66.249.79.19', 0, '2019-03-20'),
(321, '202.126.88.52', 0, '2019-03-20'),
(322, '66.249.79.115', 0, '2019-03-20'),
(323, '64.233.172.152', 0, '2019-03-20'),
(324, '173.252.127.33', 0, '2019-03-20'),
(325, '66.249.79.20', 0, '2019-03-20'),
(326, '46.229.168.137', 0, '2019-03-20'),
(327, '157.55.39.110', 0, '2019-03-20'),
(328, '124.158.111.44', 0, '2019-03-20'),
(329, '69.171.251.16', 0, '2019-03-20'),
(330, '34.229.97.16', 0, '2019-03-20'),
(331, '54.36.148.72', 0, '2019-03-20'),
(332, '66.181.166.10', 0, '2019-03-20'),
(333, '202.21.118.6', 0, '2019-03-20'),
(334, '66.249.79.242', 0, '2019-03-20'),
(335, '66.249.79.235', 0, '2019-03-20'),
(336, '5.9.138.189', 0, '2019-03-20'),
(337, '43.242.243.97', 0, '2019-03-20'),
(338, '66.181.191.128', 0, '2019-03-20'),
(339, '42.236.99.9', 0, '2019-03-20'),
(340, '66.249.79.152', 0, '2019-03-20'),
(341, '195.37.205.30', 0, '2019-03-20'),
(342, '195.37.205.20', 0, '2019-03-20'),
(343, '80.228.52.30', 0, '2019-03-20'),
(344, '54.36.148.160', 0, '2019-03-20'),
(345, '13.57.233.99', 0, '2019-03-20'),
(346, '40.77.167.83', 0, '2019-03-20'),
(347, '54.36.150.25', 0, '2019-03-20'),
(348, '209.17.97.106', 0, '2019-03-20'),
(349, '116.38.162.242', 0, '2019-03-20'),
(350, '125.106.20.131', 0, '2019-03-20'),
(351, '178.255.215.89', 0, '2019-03-20'),
(352, '54.36.149.16', 0, '2019-03-20'),
(353, '209.17.96.226', 0, '2019-03-20'),
(354, '157.55.39.93', 0, '2019-03-20'),
(355, '31.184.238.185', 0, '2019-03-20'),
(356, '66.249.79.9', 0, '2019-03-20'),
(357, '103.242.44.19', 0, '2019-03-20'),
(358, '54.36.150.156', 0, '2019-03-20'),
(359, '80.84.57.97', 0, '2019-03-20'),
(360, '54.36.148.1', 0, '2019-03-20'),
(361, '111.194.236.158', 0, '2019-03-20'),
(362, '66.249.79.237', 0, '2019-03-20'),
(363, '203.91.115.246', 0, '2019-03-20'),
(364, '173.252.127.34', 0, '2019-03-20'),
(365, '54.36.149.56', 0, '2019-03-20'),
(366, '119.40.99.34', 0, '2019-03-20'),
(367, '40.77.167.15', 0, '2019-03-20'),
(368, '17.58.103.30', 0, '2019-03-20'),
(369, '66.249.79.21', 0, '2019-03-20'),
(370, '54.36.149.40', 0, '2019-03-20'),
(371, '173.252.95.11', 0, '2019-03-20'),
(372, '157.55.39.185', 0, '2019-03-20'),
(373, '31.184.238.53', 0, '2019-03-20'),
(374, '141.8.142.51', 0, '2019-03-20'),
(375, '31.184.238.234', 0, '2019-03-20'),
(376, '42.236.10.78', 0, '2019-03-20'),
(377, '104.143.209.101', 0, '2019-03-20'),
(378, '173.252.127.8', 0, '2019-03-20'),
(379, '66.249.79.187', 0, '2019-03-20'),
(380, '66.249.79.175', 0, '2019-03-20'),
(381, '77.49.62.184', 0, '2019-03-20'),
(382, '66.249.79.254', 0, '2019-03-20'),
(383, '46.229.168.129', 0, '2019-03-20'),
(384, '31.184.238.90', 0, '2019-03-20'),
(385, '31.184.238.236', 0, '2019-03-20'),
(386, '66.249.79.179', 0, '2019-03-20'),
(387, '202.179.31.37', 0, '2019-03-20'),
(388, '66.249.79.12', 0, '2019-03-20'),
(389, '31.184.238.198', 0, '2019-03-20'),
(390, '202.126.89.203', 0, '2019-03-20'),
(391, '66.249.79.23', 0, '2019-03-20'),
(392, '31.184.238.169', 0, '2019-03-20'),
(393, '46.119.112.76', 0, '2019-03-20'),
(394, '66.249.79.90', 0, '2019-03-20'),
(395, '31.184.238.78', 0, '2019-03-20'),
(396, '49.0.171.37', 0, '2019-03-20'),
(397, '207.46.13.7', 0, '2019-03-20'),
(398, '46.229.168.141', 0, '2019-03-20'),
(399, '37.9.113.144', 0, '2019-03-20'),
(400, '209.17.96.234', 0, '2019-03-20'),
(401, '209.17.97.90', 0, '2019-03-20'),
(402, '209.17.97.26', 0, '2019-03-20'),
(403, '209.17.97.98', 0, '2019-03-20'),
(404, '54.36.148.46', 0, '2019-03-20'),
(405, '54.36.150.146', 0, '2019-03-20'),
(406, '209.17.96.66', 0, '2019-03-20'),
(407, '46.229.168.151', 0, '2019-03-20'),
(408, '178.63.26.114', 0, '2019-03-20'),
(409, '209.17.97.50', 0, '2019-03-20'),
(410, '54.36.150.111', 0, '2019-03-20'),
(411, '199.58.86.209', 0, '2019-03-20'),
(412, '118.21.134.44', 0, '2019-03-20'),
(413, '128.204.59.44', 0, '2019-03-20'),
(414, '35.225.28.39', 0, '2019-03-20'),
(415, '209.17.96.34', 0, '2019-03-20'),
(416, '66.249.79.76', 0, '2019-03-20'),
(417, '34.204.52.4', 0, '2019-03-20'),
(418, '34.194.100.40', 0, '2019-03-20'),
(419, '54.36.149.6', 0, '2019-03-20'),
(420, '46.118.157.179', 0, '2019-03-20'),
(421, '46.119.112.31', 0, '2019-03-20'),
(422, '188.27.148.25', 0, '2019-03-20'),
(423, '54.36.150.139', 0, '2019-03-20'),
(424, '207.46.13.212', 0, '2019-03-20'),
(425, '46.229.168.147', 0, '2019-03-20'),
(426, '5.9.97.200', 0, '2019-03-20'),
(427, '178.22.174.168', 0, '2019-03-20'),
(428, '188.138.188.34', 0, '2019-03-20'),
(429, '46.56.70.21', 0, '2019-03-20'),
(430, '175.155.240.215', 0, '2019-03-20'),
(431, '40.77.167.177', 0, '2019-03-20'),
(432, '66.181.160.122', 0, '2019-03-20'),
(433, '144.76.119.201', 0, '2019-03-20'),
(434, '157.55.39.114', 0, '2019-03-20'),
(435, '74.6.168.236', 0, '2019-03-20'),
(436, '207.46.13.65', 0, '2019-03-20'),
(437, '66.249.79.11', 0, '2019-03-20'),
(438, '180.76.15.16', 0, '2019-03-20'),
(439, '46.229.168.138', 0, '2019-03-20'),
(440, '46.229.168.132', 0, '2019-03-20'),
(441, '40.77.167.85', 0, '2019-03-20'),
(442, '54.36.148.152', 0, '2019-03-20'),
(443, '144.76.4.41', 0, '2019-03-20'),
(444, '157.55.39.84', 0, '2019-03-20'),
(445, '66.249.79.121', 0, '2019-03-20'),
(446, '149.154.157.208', 0, '2019-03-20'),
(447, '212.129.54.246', 0, '2019-03-20'),
(448, '95.163.255.106', 0, '2019-03-20'),
(449, '114.254.123.35', 0, '2019-03-20'),
(450, '46.229.168.152', 0, '2019-03-20'),
(451, '54.36.148.242', 0, '2019-03-20'),
(452, '40.77.167.110', 0, '2019-03-20'),
(453, '66.249.79.227', 0, '2019-03-20'),
(454, '95.163.255.102', 0, '2019-03-20'),
(455, '209.182.192.110', 0, '2019-03-20'),
(456, '103.48.193.207', 0, '2019-03-20'),
(457, '54.36.150.158', 0, '2019-03-20'),
(458, '54.36.148.17', 0, '2019-03-20'),
(459, '212.233.213.29', 0, '2019-03-20'),
(460, '94.23.157.38', 0, '2019-03-20'),
(461, '37.144.219.154', 0, '2019-03-21'),
(462, '166.62.84.3', 0, '2019-03-21'),
(463, '66.249.79.151', 0, '2019-03-21'),
(464, '54.36.148.133', 0, '2019-03-21'),
(465, '195.37.205.20', 0, '2019-03-21'),
(466, '195.37.205.30', 0, '2019-03-21'),
(467, '157.55.39.156', 0, '2019-03-21'),
(468, '80.228.52.30', 0, '2019-03-21'),
(469, '66.249.79.119', 0, '2019-03-21'),
(470, '114.254.123.35', 0, '2019-03-21'),
(471, '40.77.167.113', 0, '2019-03-21'),
(472, '46.229.168.131', 0, '2019-03-21'),
(473, '31.184.238.9', 0, '2019-03-21'),
(474, '202.179.2.130', 0, '2019-03-21'),
(475, '195.242.80.50', 0, '2019-03-21'),
(476, '64.233.172.152', 0, '2019-03-21'),
(477, '64.233.172.150', 0, '2019-03-21'),
(478, '37.9.113.144', 0, '2019-03-21'),
(479, '31.184.238.185', 0, '2019-03-21'),
(480, '46.229.168.133', 0, '2019-03-21'),
(481, '46.229.168.136', 0, '2019-03-21'),
(482, '66.181.164.211', 0, '2019-03-21'),
(483, '103.242.44.19', 0, '2019-03-21'),
(484, '66.249.79.98', 0, '2019-03-21'),
(485, '42.236.10.104', 0, '2019-03-21'),
(486, '69.171.251.27', 0, '2019-03-21'),
(487, '66.249.79.225', 0, '2019-03-21'),
(488, '138.246.253.5', 0, '2019-03-21'),
(489, '88.214.26.56', 0, '2019-03-21'),
(490, '178.255.215.89', 0, '2019-03-21'),
(491, '95.143.21.4', 0, '2019-03-21'),
(492, '176.9.140.208', 0, '2019-03-21'),
(493, '66.181.160.88', 0, '2019-03-21'),
(494, '88.214.26.2', 0, '2019-03-21'),
(495, '202.131.251.130', 0, '2019-03-21'),
(496, '66.249.79.241', 0, '2019-03-21'),
(497, '5.188.62.34', 0, '2019-03-21'),
(498, '178.154.244.38', 0, '2019-03-21'),
(499, '17.58.103.30', 0, '2019-03-21'),
(500, '192.82.66.172', 0, '2019-03-21'),
(501, '31.184.238.53', 0, '2019-03-21'),
(502, '87.250.224.100', 0, '2019-03-21'),
(503, '124.158.109.23', 0, '2019-03-21'),
(504, '46.229.168.152', 0, '2019-03-21'),
(505, '54.36.150.74', 0, '2019-03-21'),
(506, '202.179.27.58', 0, '2019-03-21'),
(507, '31.184.238.234', 0, '2019-03-21'),
(508, '31.184.238.78', 0, '2019-03-21'),
(509, '95.216.38.186', 0, '2019-03-21'),
(510, '199.58.86.209', 0, '2019-03-21'),
(511, '66.102.6.14', 0, '2019-03-21'),
(512, '173.252.127.14', 0, '2019-03-21'),
(513, '66.102.6.16', 0, '2019-03-21'),
(514, '66.249.79.137', 0, '2019-03-21'),
(515, '77.49.62.184', 0, '2019-03-21'),
(516, '54.36.148.99', 0, '2019-03-21'),
(517, '112.72.12.7', 0, '2019-03-21'),
(518, '46.229.168.139', 0, '2019-03-21'),
(519, '46.229.168.140', 0, '2019-03-21'),
(520, '202.179.31.68', 0, '2019-03-21'),
(521, '5.45.207.59', 0, '2019-03-21'),
(522, '66.249.79.12', 0, '2019-03-21'),
(523, '31.184.238.90', 0, '2019-03-21'),
(524, '66.249.79.227', 0, '2019-03-21'),
(525, '64.233.172.154', 0, '2019-03-21'),
(526, '173.252.87.3', 0, '2019-03-21'),
(527, '66.249.79.139', 0, '2019-03-21'),
(528, '107.21.1.8', 0, '2019-03-21'),
(529, '173.252.87.13', 0, '2019-03-21'),
(530, '66.181.160.93', 0, '2019-03-21'),
(531, '66.249.79.104', 0, '2019-03-21'),
(532, '66.249.79.112', 0, '2019-03-21'),
(533, '173.252.87.12', 0, '2019-03-21'),
(534, '173.252.95.13', 0, '2019-03-21'),
(535, '173.252.127.3', 0, '2019-03-21'),
(536, '54.36.148.125', 0, '2019-03-21'),
(537, '182.22.27.21', 0, '2019-03-21'),
(538, '182.22.27.22', 0, '2019-03-21'),
(539, '173.252.95.17', 0, '2019-03-21'),
(540, '124.158.90.56', 0, '2019-03-21'),
(541, '66.249.79.106', 0, '2019-03-21'),
(542, '207.46.13.114', 0, '2019-03-21'),
(543, '66.220.149.1', 0, '2019-03-21'),
(544, '43.231.113.21', 0, '2019-03-21'),
(545, '157.55.39.91', 0, '2019-03-21'),
(546, '173.252.79.8', 0, '2019-03-21'),
(547, '95.163.255.156', 0, '2019-03-21'),
(548, '202.179.31.26', 0, '2019-03-21'),
(549, '69.171.251.4', 0, '2019-03-21'),
(550, '202.179.31.234', 0, '2019-03-21'),
(551, '74.6.168.136', 0, '2019-03-21'),
(552, '198.199.126.9', 0, '2019-03-21'),
(553, '54.36.148.12', 0, '2019-03-21'),
(554, '202.5.205.2', 0, '2019-03-21'),
(555, '46.229.168.149', 0, '2019-03-21'),
(556, '66.220.149.20', 0, '2019-03-21'),
(557, '173.232.242.34', 0, '2019-03-21'),
(558, '66.220.149.22', 0, '2019-03-21'),
(559, '202.9.43.95', 0, '2019-03-21'),
(560, '54.36.150.185', 0, '2019-03-21'),
(561, '66.249.79.240', 0, '2019-03-21'),
(562, '103.14.36.6', 0, '2019-03-21'),
(563, '66.249.79.117', 0, '2019-03-21'),
(564, '180.163.220.5', 0, '2019-03-21'),
(565, '66.249.79.18', 0, '2019-03-21'),
(566, '173.252.87.17', 0, '2019-03-21'),
(567, '103.229.123.89', 0, '2019-03-21'),
(568, '66.249.79.10', 0, '2019-03-21'),
(569, '66.249.82.189', 0, '2019-03-21'),
(570, '54.36.148.114', 0, '2019-03-21'),
(571, '31.184.238.169', 0, '2019-03-21'),
(572, '54.36.149.35', 0, '2019-03-21'),
(573, '141.8.142.51', 0, '2019-03-21'),
(574, '31.184.238.236', 0, '2019-03-21'),
(575, '66.249.79.238', 0, '2019-03-21'),
(576, '66.249.79.242', 0, '2019-03-21'),
(577, '46.229.168.153', 0, '2019-03-21'),
(578, '104.143.209.101', 0, '2019-03-21'),
(579, '54.36.150.0', 0, '2019-03-21'),
(580, '46.118.157.179', 0, '2019-03-21'),
(581, '51.254.44.185', 0, '2019-03-21'),
(582, '46.229.168.143', 0, '2019-03-21'),
(583, '188.138.188.34', 0, '2019-03-21'),
(584, '207.46.13.56', 0, '2019-03-21'),
(585, '66.249.79.11', 0, '2019-03-21'),
(586, '66.249.79.9', 0, '2019-03-21'),
(587, '66.249.79.189', 0, '2019-03-21'),
(588, '66.249.79.185', 0, '2019-03-21'),
(589, '202.5.202.130', 0, '2019-03-21'),
(590, '54.36.148.102', 0, '2019-03-21'),
(591, '66.249.79.155', 0, '2019-03-21'),
(592, '66.249.79.23', 0, '2019-03-21'),
(593, '66.249.79.13', 0, '2019-03-21'),
(594, '66.249.79.21', 0, '2019-03-21'),
(595, '54.36.148.34', 0, '2019-03-21'),
(596, '193.9.115.24', 0, '2019-03-21'),
(597, '66.249.79.19', 0, '2019-03-21'),
(598, '54.36.149.92', 0, '2019-03-21'),
(599, '31.184.238.198', 0, '2019-03-21'),
(600, '202.131.226.221', 0, '2019-03-21'),
(601, '193.106.30.98', 0, '2019-03-21'),
(602, '54.36.148.158', 0, '2019-03-21'),
(603, '149.202.84.149', 0, '2019-03-21'),
(604, '194.126.214.173', 0, '2019-03-21'),
(605, '158.69.226.8', 0, '2019-03-21'),
(606, '195.74.239.197', 0, '2019-03-21'),
(607, '150.129.141.164', 0, '2019-03-21'),
(608, '54.36.149.94', 0, '2019-03-21'),
(609, '66.181.177.39', 0, '2019-03-21'),
(610, '46.229.168.145', 0, '2019-03-21'),
(611, '52.53.201.78', 0, '2019-03-21'),
(612, '64.119.22.18', 0, '2019-03-21'),
(613, '66.181.160.86', 0, '2019-03-21'),
(614, '66.249.79.148', 0, '2019-03-21'),
(615, '116.38.162.242', 0, '2019-03-21'),
(616, '54.36.148.163', 0, '2019-03-21'),
(617, '202.9.45.93', 0, '2019-03-21'),
(618, '180.76.15.151', 0, '2019-03-21'),
(619, '66.249.79.94', 0, '2019-03-21'),
(620, '54.36.148.41', 0, '2019-03-21'),
(621, '54.36.149.28', 0, '2019-03-21'),
(622, '66.102.6.96', 0, '2019-03-21'),
(623, '69.12.72.175', 0, '2019-03-21'),
(624, '66.249.79.74', 0, '2019-03-21'),
(625, '94.23.157.38', 0, '2019-03-21'),
(626, '202.179.31.21', 0, '2019-03-21'),
(627, '111.199.185.0', 0, '2019-03-21'),
(628, '34.204.52.4', 0, '2019-03-21'),
(629, '54.36.149.42', 0, '2019-03-21'),
(630, '94.23.242.48', 0, '2019-03-21'),
(631, '162.210.196.98', 0, '2019-03-21'),
(632, '46.229.168.129', 0, '2019-03-21'),
(633, '141.98.81.181', 0, '2019-03-21'),
(634, '69.12.72.186', 0, '2019-03-21'),
(635, '167.114.210.37', 0, '2019-03-21'),
(636, '178.20.55.16', 0, '2019-03-21'),
(637, '138.197.111.48', 0, '2019-03-21'),
(638, '54.36.150.186', 0, '2019-03-21'),
(639, '131.220.6.146', 0, '2019-03-21'),
(640, '66.249.83.220', 0, '2019-03-21'),
(641, '66.249.83.216', 0, '2019-03-21'),
(642, '66.249.79.153', 0, '2019-03-21'),
(643, '35.208.11.250', 0, '2019-03-21'),
(644, '209.17.97.18', 0, '2019-03-21'),
(645, '107.174.251.210', 0, '2019-03-21'),
(646, '192.99.2.192', 0, '2019-03-21'),
(647, '54.36.148.108', 0, '2019-03-21'),
(648, '207.46.13.59', 0, '2019-03-21'),
(649, '83.169.44.20', 0, '2019-03-21'),
(650, '82.165.30.145', 0, '2019-03-21'),
(651, '209.17.96.42', 0, '2019-03-21'),
(652, '27.153.238.160', 0, '2019-03-21'),
(653, '66.249.79.84', 0, '2019-03-21'),
(654, '216.244.66.199', 0, '2019-03-21'),
(655, '157.55.39.158', 0, '2019-03-21'),
(656, '40.77.167.124', 0, '2019-03-21'),
(657, '66.249.79.110', 0, '2019-03-21'),
(658, '123.125.71.56', 0, '2019-03-21'),
(659, '40.77.167.71', 0, '2019-03-21'),
(660, '34.76.146.228', 0, '2019-03-21'),
(661, '46.229.168.146', 0, '2019-03-21'),
(662, '125.209.235.180', 0, '2019-03-21'),
(663, '209.17.97.58', 0, '2019-03-21'),
(664, '66.249.79.187', 0, '2019-03-21'),
(665, '78.46.176.21', 0, '2019-03-21'),
(666, '125.209.235.175', 0, '2019-03-21'),
(667, '95.163.255.109', 0, '2019-03-21'),
(668, '54.36.150.55', 0, '2019-03-21'),
(669, '40.77.167.66', 0, '2019-03-21'),
(670, '188.163.109.153', 0, '2019-03-21'),
(671, '54.36.150.176', 0, '2019-03-21'),
(672, '66.249.79.237', 0, '2019-03-21'),
(673, '209.17.97.50', 0, '2019-03-21'),
(674, '54.36.148.98', 0, '2019-03-21'),
(675, '123.125.71.78', 0, '2019-03-21'),
(676, '209.17.96.210', 0, '2019-03-21'),
(677, '46.229.168.130', 0, '2019-03-21'),
(678, '167.99.80.173', 0, '2019-03-21'),
(679, '87.106.216.169', 0, '2019-03-21'),
(680, '66.249.79.211', 0, '2019-03-21'),
(681, '157.55.39.180', 0, '2019-03-21'),
(682, '54.36.150.188', 0, '2019-03-21'),
(683, '46.229.168.138', 0, '2019-03-21'),
(684, '54.36.148.219', 0, '2019-03-21'),
(685, '54.36.149.57', 0, '2019-03-21'),
(686, '46.229.168.132', 0, '2019-03-21'),
(687, '209.17.97.26', 0, '2019-03-22'),
(688, '17.58.103.30', 0, '2019-03-22'),
(689, '31.184.238.236', 0, '2019-03-22'),
(690, '195.37.205.20', 0, '2019-03-22'),
(691, '195.37.205.30', 0, '2019-03-22'),
(692, '203.165.102.64', 0, '2019-03-22'),
(693, '31.184.238.185', 0, '2019-03-22'),
(694, '80.228.52.30', 0, '2019-03-22'),
(695, '31.184.238.78', 0, '2019-03-22'),
(696, '203.91.116.118', 0, '2019-03-22'),
(697, '114.254.123.35', 0, '2019-03-22'),
(698, '31.184.238.90', 0, '2019-03-22'),
(699, '202.9.45.173', 0, '2019-03-22'),
(700, '54.36.150.118', 0, '2019-03-22'),
(701, '112.72.15.114', 0, '2019-03-22'),
(702, '66.249.79.118', 0, '2019-03-22'),
(703, '157.55.39.60', 0, '2019-03-22'),
(704, '185.4.65.44', 0, '2019-03-22'),
(705, '121.2.78.172', 0, '2019-03-22'),
(706, '66.249.79.9', 0, '2019-03-22'),
(707, '202.179.2.130', 0, '2019-03-22'),
(708, '178.255.215.89', 0, '2019-03-22'),
(709, '64.233.172.150', 0, '2019-03-22'),
(710, '202.179.3.106', 0, '2019-03-22'),
(711, '107.6.171.130', 0, '2019-03-22'),
(712, '202.179.31.68', 0, '2019-03-22'),
(713, '138.246.253.5', 0, '2019-03-22'),
(714, '157.55.39.61', 0, '2019-03-22'),
(715, '209.17.97.42', 0, '2019-03-22'),
(716, '54.36.149.48', 0, '2019-03-22'),
(717, '66.249.79.19', 0, '2019-03-22'),
(718, '5.188.62.34', 0, '2019-03-22'),
(719, '64.119.19.149', 0, '2019-03-22'),
(720, '66.249.79.227', 0, '2019-03-22'),
(721, '40.77.167.208', 0, '2019-03-22'),
(722, '180.149.93.27', 0, '2019-03-22'),
(723, '54.36.150.8', 0, '2019-03-22'),
(724, '194.113.106.125', 0, '2019-03-22'),
(725, '46.229.168.151', 0, '2019-03-22'),
(726, '178.159.37.38', 0, '2019-03-22'),
(727, '31.184.238.234', 0, '2019-03-22'),
(728, '46.229.168.152', 0, '2019-03-22'),
(729, '209.17.97.66', 0, '2019-03-22'),
(730, '111.201.196.47', 0, '2019-03-22'),
(731, '202.179.26.230', 0, '2019-03-22'),
(732, '91.233.117.45', 0, '2019-03-22'),
(733, '202.21.106.130', 0, '2019-03-22'),
(734, '66.249.79.151', 0, '2019-03-22'),
(735, '31.184.238.53', 0, '2019-03-22'),
(736, '66.249.79.121', 0, '2019-03-22'),
(737, '54.36.150.51', 0, '2019-03-22'),
(738, '209.17.96.10', 0, '2019-03-22'),
(739, '54.36.150.45', 0, '2019-03-22'),
(740, '31.184.238.198', 0, '2019-03-22'),
(741, '202.21.106.149', 0, '2019-03-22'),
(742, '66.249.79.189', 0, '2019-03-22'),
(743, '66.249.79.185', 0, '2019-03-22'),
(744, '66.249.79.13', 0, '2019-03-22'),
(745, '66.249.79.11', 0, '2019-03-22'),
(746, '66.249.79.242', 0, '2019-03-22'),
(747, '66.249.79.187', 0, '2019-03-22'),
(748, '66.249.79.240', 0, '2019-03-22'),
(749, '144.76.176.171', 0, '2019-03-22'),
(750, '66.249.79.100', 0, '2019-03-22'),
(751, '64.233.172.152', 0, '2019-03-22'),
(752, '144.76.96.236', 0, '2019-03-22'),
(753, '119.40.99.34', 0, '2019-03-22'),
(754, '157.55.39.203', 0, '2019-03-22'),
(755, '202.179.31.3', 0, '2019-03-22'),
(756, '202.5.198.20', 0, '2019-03-22'),
(757, '54.36.148.6', 0, '2019-03-22'),
(758, '66.249.79.155', 0, '2019-03-22'),
(759, '46.229.168.149', 0, '2019-03-22'),
(760, '107.20.10.203', 0, '2019-03-22'),
(761, '51.68.152.26', 0, '2019-03-22'),
(762, '202.131.244.242', 0, '2019-03-22'),
(763, '182.22.27.17', 0, '2019-03-22'),
(764, '66.249.79.23', 0, '2019-03-22'),
(765, '95.163.255.150', 0, '2019-03-22'),
(766, '162.210.196.130', 0, '2019-03-22'),
(767, '66.249.79.175', 0, '2019-03-22'),
(768, '66.249.79.148', 0, '2019-03-22'),
(769, '66.249.79.90', 0, '2019-03-22'),
(770, '66.249.79.76', 0, '2019-03-22'),
(771, '103.10.21.87', 0, '2019-03-22'),
(772, '31.184.238.169', 0, '2019-03-22'),
(773, '46.229.168.135', 0, '2019-03-22'),
(774, '54.36.148.98', 0, '2019-03-22'),
(775, '202.179.25.237', 0, '2019-03-22'),
(776, '40.77.167.100', 0, '2019-03-22'),
(777, '202.21.127.206', 0, '2019-03-22'),
(778, '173.252.87.13', 0, '2019-03-22'),
(779, '91.134.144.151', 0, '2019-03-22'),
(780, '103.200.23.124', 0, '2019-03-22'),
(781, '202.170.81.116', 0, '2019-03-22'),
(782, '202.180.220.35', 0, '2019-03-22'),
(783, '42.236.10.124', 0, '2019-03-22'),
(784, '66.249.79.14', 0, '2019-03-22'),
(785, '66.181.160.101', 0, '2019-03-22'),
(786, '66.249.79.80', 0, '2019-03-22'),
(787, '43.228.130.193', 0, '2019-03-22'),
(788, '202.179.31.55', 0, '2019-03-22'),
(789, '202.179.31.126', 0, '2019-03-22'),
(790, '202.170.70.54', 0, '2019-03-22'),
(791, '95.163.255.174', 0, '2019-03-22'),
(792, '95.163.255.151', 0, '2019-03-22'),
(793, '95.163.255.189', 0, '2019-03-22'),
(794, '75.162.146.93', 0, '2019-03-22'),
(795, '54.36.150.28', 0, '2019-03-22'),
(796, '173.212.222.108', 0, '2019-03-22'),
(797, '180.76.15.18', 0, '2019-03-22'),
(798, '66.249.79.239', 0, '2019-03-22'),
(799, '46.118.157.179', 0, '2019-03-22'),
(800, '209.17.96.194', 0, '2019-03-22'),
(801, '42.236.54.2', 0, '2019-03-22'),
(802, '54.36.150.91', 0, '2019-03-22'),
(803, '202.21.98.34', 0, '2019-03-22'),
(804, '209.17.96.26', 0, '2019-03-22'),
(805, '202.179.31.123', 0, '2019-03-22'),
(806, '64.119.23.61', 0, '2019-03-22'),
(807, '95.163.255.152', 0, '2019-03-22'),
(808, '95.163.255.176', 0, '2019-03-22'),
(809, '60.191.38.77', 0, '2019-03-22'),
(810, '103.11.192.133', 0, '2019-03-22'),
(811, '66.249.79.10', 0, '2019-03-22'),
(812, '66.249.79.106', 0, '2019-03-22'),
(813, '144.76.120.197', 0, '2019-03-22'),
(814, '216.244.66.229', 0, '2019-03-22'),
(815, '46.229.168.140', 0, '2019-03-22'),
(816, '173.249.26.45', 0, '2019-03-22'),
(817, '40.77.167.169', 0, '2019-03-22'),
(818, '40.77.167.68', 0, '2019-03-22'),
(819, '173.252.87.10', 0, '2019-03-22'),
(820, '173.252.79.4', 0, '2019-03-22'),
(821, '54.36.148.47', 0, '2019-03-22'),
(822, '202.131.246.238', 0, '2019-03-22'),
(823, '46.229.168.144', 0, '2019-03-22'),
(824, '209.17.96.58', 0, '2019-03-22'),
(825, '95.163.255.192', 0, '2019-03-22'),
(826, '66.249.79.108', 0, '2019-03-22'),
(827, '34.76.87.60', 0, '2019-03-22'),
(828, '66.181.161.19', 0, '2019-03-22'),
(829, '64.233.172.223', 0, '2019-03-22'),
(830, '66.181.161.96', 0, '2019-03-22'),
(831, '78.46.61.245', 0, '2019-03-22'),
(832, '54.36.148.92', 0, '2019-03-22'),
(833, '209.17.96.42', 0, '2019-03-22'),
(834, '40.77.167.111', 0, '2019-03-22'),
(835, '66.249.79.220', 0, '2019-03-22'),
(836, '202.126.89.90', 0, '2019-03-22'),
(837, '180.163.220.68', 0, '2019-03-22'),
(838, '66.249.79.117', 0, '2019-03-22'),
(839, '124.158.111.6', 0, '2019-03-22'),
(840, '46.229.168.153', 0, '2019-03-22'),
(841, '54.36.150.145', 0, '2019-03-22'),
(842, '66.249.79.20', 0, '2019-03-22'),
(843, '91.122.127.51', 0, '2019-03-22'),
(844, '43.228.130.230', 0, '2019-03-22'),
(845, '162.210.196.100', 0, '2019-03-22'),
(846, '209.17.97.18', 0, '2019-03-22'),
(847, '209.17.97.82', 0, '2019-03-22'),
(848, '95.163.255.156', 0, '2019-03-22'),
(849, '157.55.39.227', 0, '2019-03-22'),
(850, '103.131.71.110', 0, '2019-03-22'),
(851, '40.77.167.61', 0, '2019-03-22'),
(852, '46.229.168.145', 0, '2019-03-22'),
(853, '66.249.79.12', 0, '2019-03-22'),
(854, '34.228.42.25', 0, '2019-03-22'),
(855, '66.249.79.201', 0, '2019-03-22'),
(856, '42.236.10.77', 0, '2019-03-22'),
(857, '42.236.10.122', 0, '2019-03-22'),
(858, '80.252.153.33', 0, '2019-03-22'),
(859, '173.252.87.16', 0, '2019-03-22'),
(860, '216.244.66.199', 0, '2019-03-22'),
(861, '184.180.121.150', 0, '2019-03-22'),
(862, '66.249.79.18', 0, '2019-03-22'),
(863, '40.77.167.31', 0, '2019-03-22'),
(864, '46.229.168.142', 0, '2019-03-22'),
(865, '103.80.210.67', 0, '2019-03-22'),
(866, '95.163.255.155', 0, '2019-03-22'),
(867, '51.83.13.195', 0, '2019-03-22'),
(868, '51.77.228.22', 0, '2019-03-22'),
(869, '54.36.150.54', 0, '2019-03-22'),
(870, '89.234.157.254', 0, '2019-03-22'),
(871, '54.36.148.76', 0, '2019-03-22'),
(872, '178.154.244.38', 0, '2019-03-22'),
(873, '37.9.113.144', 0, '2019-03-22'),
(874, '141.8.142.51', 0, '2019-03-22'),
(875, '37.115.158.5', 0, '2019-03-22'),
(876, '54.36.148.254', 0, '2019-03-22'),
(877, '66.249.79.72', 0, '2019-03-22'),
(878, '66.220.149.35', 0, '2019-03-22'),
(879, '66.249.79.92', 0, '2019-03-22'),
(880, '43.242.243.46', 0, '2019-03-22'),
(881, '54.36.148.178', 0, '2019-03-22'),
(882, '66.249.65.209', 0, '2019-03-22'),
(883, '207.46.13.190', 0, '2019-03-22'),
(884, '95.163.255.154', 0, '2019-03-22'),
(885, '51.68.2.200', 0, '2019-03-22'),
(886, '66.249.73.11', 0, '2019-03-22'),
(887, '66.249.65.141', 0, '2019-03-22'),
(888, '46.229.168.131', 0, '2019-03-22'),
(889, '91.242.162.135', 0, '2019-03-22'),
(890, '66.249.65.86', 0, '2019-03-22'),
(891, '91.242.162.134', 0, '2019-03-22'),
(892, '52.201.27.211', 0, '2019-03-22'),
(893, '46.229.168.150', 0, '2019-03-22'),
(894, '207.46.13.154', 0, '2019-03-22'),
(895, '91.242.162.132', 0, '2019-03-22'),
(896, '138.197.64.72', 0, '2019-03-22'),
(897, '66.249.65.157', 0, '2019-03-22'),
(898, '91.242.162.133', 0, '2019-03-22'),
(899, '40.77.167.106', 0, '2019-03-22'),
(900, '54.36.150.48', 0, '2019-03-22'),
(901, '42.156.139.119', 0, '2019-03-22'),
(902, '109.14.35.53', 0, '2019-03-22'),
(903, '54.36.148.245', 0, '2019-03-22'),
(904, '66.249.65.114', 0, '2019-03-22'),
(905, '46.229.168.143', 0, '2019-03-22'),
(906, '209.17.97.58', 0, '2019-03-22'),
(907, '125.84.183.67', 0, '2019-03-22'),
(908, '40.77.167.218', 0, '2019-03-22'),
(909, '69.12.72.162', 0, '2019-03-22'),
(910, '144.76.2.149', 0, '2019-03-22'),
(911, '88.214.26.2', 0, '2019-03-22'),
(912, '95.163.255.187', 0, '2019-03-22'),
(913, '95.163.255.188', 0, '2019-03-22'),
(914, '46.229.168.139', 0, '2019-03-22'),
(915, '95.71.136.30', 0, '2019-03-22'),
(916, '209.17.96.218', 0, '2019-03-22'),
(917, '95.163.255.171', 0, '2019-03-22'),
(918, '209.17.96.50', 0, '2019-03-22'),
(919, '46.229.168.133', 0, '2019-03-22'),
(920, '54.36.149.67', 0, '2019-03-22'),
(921, '66.249.73.19', 0, '2019-03-22'),
(922, '209.17.97.2', 0, '2019-03-22'),
(923, '90.76.94.34', 0, '2019-03-22'),
(924, '196.247.16.120', 0, '2019-03-22'),
(925, '66.249.65.143', 0, '2019-03-22'),
(926, '46.229.168.130', 0, '2019-03-22'),
(927, '95.163.255.165', 0, '2019-03-22'),
(928, '209.17.97.98', 0, '2019-03-22'),
(929, '185.176.111.216', 0, '2019-03-22'),
(930, '54.36.150.89', 0, '2019-03-22'),
(931, '35.192.84.7', 0, '2019-03-22'),
(932, '66.249.73.26', 0, '2019-03-22'),
(933, '46.229.168.136', 0, '2019-03-22'),
(934, '54.36.149.66', 0, '2019-03-22'),
(935, '54.36.149.10', 0, '2019-03-22'),
(936, '157.55.39.29', 0, '2019-03-22'),
(937, '46.229.168.147', 0, '2019-03-22'),
(938, '66.249.65.156', 0, '2019-03-22'),
(939, '95.163.255.186', 0, '2019-03-22'),
(940, '125.209.235.177', 0, '2019-03-22'),
(941, '91.243.83.161', 0, '2019-03-22'),
(942, '176.126.83.211', 0, '2019-03-22'),
(943, '209.17.97.122', 0, '2019-03-22'),
(944, '66.249.65.220', 0, '2019-03-22'),
(945, '209.17.97.50', 0, '2019-03-22'),
(946, '31.184.238.236', 0, '2019-03-23'),
(947, '54.36.150.118', 0, '2019-03-23'),
(948, '5.188.210.39', 0, '2019-03-23'),
(949, '207.46.13.67', 0, '2019-03-23'),
(950, '173.208.200.154', 0, '2019-03-23'),
(951, '54.221.150.47', 0, '2019-03-23'),
(952, '40.77.167.23', 0, '2019-03-23'),
(953, '31.184.238.53', 0, '2019-03-23'),
(954, '31.184.238.90', 0, '2019-03-23'),
(955, '46.229.168.141', 0, '2019-03-23'),
(956, '66.249.65.138', 0, '2019-03-23'),
(957, '66.249.82.187', 0, '2019-03-23'),
(958, '150.129.143.71', 0, '2019-03-23'),
(959, '173.252.87.18', 0, '2019-03-23'),
(960, '173.252.87.5', 0, '2019-03-23'),
(961, '5.8.47.2', 0, '2019-03-23'),
(962, '43.231.113.21', 0, '2019-03-23'),
(963, '209.17.97.106', 0, '2019-03-23'),
(964, '43.228.130.230', 0, '2019-03-23'),
(965, '66.249.73.149', 0, '2019-03-23'),
(966, '95.163.255.106', 0, '2019-03-23'),
(967, '54.36.150.188', 0, '2019-03-23'),
(968, '66.249.65.141', 0, '2019-03-23'),
(969, '66.249.65.143', 0, '2019-03-23'),
(970, '46.229.168.131', 0, '2019-03-23'),
(971, '66.249.65.219', 0, '2019-03-23'),
(972, '66.249.65.145', 0, '2019-03-23'),
(973, '149.154.157.208', 0, '2019-03-23'),
(974, '91.242.162.132', 0, '2019-03-23'),
(975, '157.55.39.67', 0, '2019-03-23'),
(976, '17.58.103.30', 0, '2019-03-23'),
(977, '207.46.13.49', 0, '2019-03-23'),
(978, '66.249.65.211', 0, '2019-03-23'),
(979, '159.69.186.191', 0, '2019-03-23'),
(980, '66.249.65.209', 0, '2019-03-23'),
(981, '66.249.65.213', 0, '2019-03-23'),
(982, '148.251.8.250', 0, '2019-03-23'),
(983, '209.17.96.202', 0, '2019-03-23'),
(984, '66.249.65.119', 0, '2019-03-23'),
(985, '66.249.73.19', 0, '2019-03-23'),
(986, '91.242.162.134', 0, '2019-03-23'),
(987, '91.242.162.131', 0, '2019-03-23'),
(988, '185.254.188.171', 0, '2019-03-23'),
(989, '54.36.149.64', 0, '2019-03-23'),
(990, '178.255.215.89', 0, '2019-03-23'),
(991, '40.77.167.30', 0, '2019-03-23'),
(992, '162.210.196.98', 0, '2019-03-23'),
(993, '173.252.87.8', 0, '2019-03-23'),
(994, '66.249.73.157', 0, '2019-03-23'),
(995, '66.249.73.153', 0, '2019-03-23'),
(996, '95.163.255.170', 0, '2019-03-23'),
(997, '95.163.255.196', 0, '2019-03-23'),
(998, '66.249.65.114', 0, '2019-03-23'),
(999, '31.184.238.185', 0, '2019-03-23'),
(1000, '46.229.168.140', 0, '2019-03-23'),
(1001, '66.181.161.20', 0, '2019-03-23'),
(1002, '141.98.81.181', 0, '2019-03-23'),
(1003, '202.179.2.130', 0, '2019-03-23'),
(1004, '31.184.238.9', 0, '2019-03-23'),
(1005, '66.249.73.146', 0, '2019-03-23'),
(1006, '54.36.150.123', 0, '2019-03-23'),
(1007, '207.46.13.123', 0, '2019-03-23'),
(1008, '182.22.27.12', 0, '2019-03-23'),
(1009, '95.163.255.105', 0, '2019-03-23'),
(1010, '46.229.168.137', 0, '2019-03-23'),
(1011, '91.242.162.133', 0, '2019-03-23'),
(1012, '64.233.172.154', 0, '2019-03-23'),
(1013, '66.249.73.80', 0, '2019-03-23'),
(1014, '31.184.238.169', 0, '2019-03-23'),
(1015, '173.252.87.22', 0, '2019-03-23'),
(1016, '173.252.87.20', 0, '2019-03-23'),
(1017, '173.252.87.14', 0, '2019-03-23'),
(1018, '173.252.87.10', 0, '2019-03-23'),
(1019, '54.165.59.7', 0, '2019-03-23'),
(1020, '173.252.87.9', 0, '2019-03-23'),
(1021, '173.252.87.2', 0, '2019-03-23'),
(1022, '173.252.87.21', 0, '2019-03-23'),
(1023, '173.252.87.17', 0, '2019-03-23'),
(1024, '173.252.87.3', 0, '2019-03-23'),
(1025, '173.252.95.26', 0, '2019-03-23'),
(1026, '31.184.238.78', 0, '2019-03-23'),
(1027, '91.242.162.135', 0, '2019-03-23'),
(1028, '31.184.238.234', 0, '2019-03-23'),
(1029, '31.184.238.198', 0, '2019-03-23'),
(1030, '173.252.87.12', 0, '2019-03-23'),
(1031, '173.252.87.13', 0, '2019-03-23'),
(1032, '77.111.247.18', 0, '2019-03-23'),
(1033, '207.46.13.218', 0, '2019-03-23'),
(1034, '173.252.87.15', 0, '2019-03-23'),
(1035, '144.76.40.222', 0, '2019-03-23'),
(1036, '66.249.65.115', 0, '2019-03-23'),
(1037, '173.252.87.19', 0, '2019-03-23'),
(1038, '173.252.87.16', 0, '2019-03-23'),
(1039, '40.77.167.197', 0, '2019-03-23'),
(1040, '173.252.87.7', 0, '2019-03-23'),
(1041, '173.252.87.1', 0, '2019-03-23'),
(1042, '46.229.168.143', 0, '2019-03-23'),
(1043, '173.252.87.6', 0, '2019-03-23'),
(1044, '66.181.161.56', 0, '2019-03-23'),
(1045, '46.229.168.147', 0, '2019-03-23'),
(1046, '175.155.248.56', 0, '2019-03-23'),
(1047, '66.249.73.11', 0, '2019-03-23'),
(1048, '74.208.82.55', 0, '2019-03-23'),
(1049, '54.36.150.71', 0, '2019-03-23'),
(1050, '203.91.116.118', 0, '2019-03-23'),
(1051, '54.36.148.242', 0, '2019-03-23'),
(1052, '66.249.73.195', 0, '2019-03-23'),
(1053, '46.229.168.153', 0, '2019-03-23'),
(1054, '95.128.43.164', 0, '2019-03-23'),
(1055, '31.184.238.248', 0, '2019-03-23'),
(1056, '122.201.21.130', 0, '2019-03-23'),
(1057, '209.17.97.10', 0, '2019-03-23'),
(1058, '52.206.226.77', 0, '2019-03-23'),
(1059, '141.8.142.51', 0, '2019-03-23'),
(1060, '54.36.148.146', 0, '2019-03-23'),
(1061, '167.86.75.139', 0, '2019-03-23'),
(1062, '64.233.172.152', 0, '2019-03-23'),
(1063, '64.233.172.150', 0, '2019-03-23'),
(1064, '54.36.148.255', 0, '2019-03-23'),
(1065, '157.55.39.104', 0, '2019-03-23'),
(1066, '54.36.148.147', 0, '2019-03-23'),
(1067, '35.192.84.7', 0, '2019-03-23'),
(1068, '54.36.148.0', 0, '2019-03-23'),
(1069, '66.181.161.22', 0, '2019-03-23'),
(1070, '5.9.152.73', 0, '2019-03-23'),
(1071, '54.36.148.13', 0, '2019-03-23');

-- --------------------------------------------------------

--
-- Table structure for table `youtube`
--

CREATE TABLE `youtube` (
  `id` int(11) NOT NULL,
  `link` varchar(255) NOT NULL
) ENGINE=MyISAM DEFAULT CHARSET=latin1;

--
-- Dumping data for table `youtube`
--

INSERT INTO `youtube` (`id`, `link`) VALUES
(1, 'https://www.youtube.com/');

--
-- Indexes for dumped tables
--

--
-- Indexes for table `category`
--
ALTER TABLE `category`
  ADD PRIMARY KEY (`id`);

--
-- Indexes for table `hunii_noots`
--
ALTER TABLE `hunii_noots`
  ADD PRIMARY KEY (`id`);

--
-- Indexes for table `news`
--
ALTER TABLE `news`
  ADD PRIMARY KEY (`id`),
  ADD KEY `cat_id` (`cat_id`);

--
-- Indexes for table `permission`
--
ALTER TABLE `permission`
  ADD PRIMARY KEY (`id`),
  ADD KEY `uid` (`uid`);

--
-- Indexes for table `support`
--
ALTER TABLE `support`
  ADD PRIMARY KEY (`id`);

--
-- Indexes for table `tender`
--
ALTER TABLE `tender`
  ADD PRIMARY KEY (`id`),
  ADD KEY `torol_id` (`torol_id`);

--
-- Indexes for table `tender_torol`
--
ALTER TABLE `tender_torol`
  ADD PRIMARY KEY (`id`);

--
-- Indexes for table `tosow_sankhuu`
--
ALTER TABLE `tosow_sankhuu`
  ADD PRIMARY KEY (`id`);

--
-- Indexes for table `uil_ajillagaa`
--
ALTER TABLE `uil_ajillagaa`
  ADD PRIMARY KEY (`id`);

--
-- Indexes for table `users`
--
ALTER TABLE `users`
  ADD PRIMARY KEY (`id`);

--
-- Indexes for table `vote`
--
ALTER TABLE `vote`
  ADD PRIMARY KEY (`id`),
  ADD KEY `question` (`question`),
  ADD KEY `answer` (`answer`);

--
-- Indexes for table `vote_answer`
--
ALTER TABLE `vote_answer`
  ADD PRIMARY KEY (`id`),
  ADD KEY `ques_id` (`ques_id`);

--
-- Indexes for table `vote_question`
--
ALTER TABLE `vote_question`
  ADD PRIMARY KEY (`id`);

--
-- Indexes for table `web_visited`
--
ALTER TABLE `web_visited`
  ADD PRIMARY KEY (`id`);

--
-- Indexes for table `youtube`
--
ALTER TABLE `youtube`
  ADD PRIMARY KEY (`id`);

--
-- AUTO_INCREMENT for dumped tables
--

--
-- AUTO_INCREMENT for table `category`
--
ALTER TABLE `category`
  MODIFY `id` int(11) NOT NULL AUTO_INCREMENT, AUTO_INCREMENT=12;

--
-- AUTO_INCREMENT for table `hunii_noots`
--
ALTER TABLE `hunii_noots`
  MODIFY `id` int(11) NOT NULL AUTO_INCREMENT, AUTO_INCREMENT=8;

--
-- AUTO_INCREMENT for table `news`
--
ALTER TABLE `news`
  MODIFY `id` int(11) NOT NULL AUTO_INCREMENT, AUTO_INCREMENT=54;

--
-- AUTO_INCREMENT for table `permission`
--
ALTER TABLE `permission`
  MODIFY `id` int(11) NOT NULL AUTO_INCREMENT, AUTO_INCREMENT=4;

--
-- AUTO_INCREMENT for table `support`
--
ALTER TABLE `support`
  MODIFY `id` int(11) NOT NULL AUTO_INCREMENT, AUTO_INCREMENT=11;

--
-- AUTO_INCREMENT for table `tender`
--
ALTER TABLE `tender`
  MODIFY `id` int(11) NOT NULL AUTO_INCREMENT, AUTO_INCREMENT=4;

--
-- AUTO_INCREMENT for table `tender_torol`
--
ALTER TABLE `tender_torol`
  MODIFY `id` int(11) NOT NULL AUTO_INCREMENT, AUTO_INCREMENT=5;

--
-- AUTO_INCREMENT for table `tosow_sankhuu`
--
ALTER TABLE `tosow_sankhuu`
  MODIFY `id` int(11) NOT NULL AUTO_INCREMENT, AUTO_INCREMENT=8;

--
-- AUTO_INCREMENT for table `uil_ajillagaa`
--
ALTER TABLE `uil_ajillagaa`
  MODIFY `id` int(11) NOT NULL AUTO_INCREMENT, AUTO_INCREMENT=9;

--
-- AUTO_INCREMENT for table `users`
--
ALTER TABLE `users`
  MODIFY `id` int(11) NOT NULL AUTO_INCREMENT, AUTO_INCREMENT=6;

--
-- AUTO_INCREMENT for table `vote`
--
ALTER TABLE `vote`
  MODIFY `id` int(11) NOT NULL AUTO_INCREMENT, AUTO_INCREMENT=20;

--
-- AUTO_INCREMENT for table `vote_answer`
--
ALTER TABLE `vote_answer`
  MODIFY `id` int(11) NOT NULL AUTO_INCREMENT, AUTO_INCREMENT=28;

--
-- AUTO_INCREMENT for table `vote_question`
--
ALTER TABLE `vote_question`
  MODIFY `id` int(11) NOT NULL AUTO_INCREMENT, AUTO_INCREMENT=7;

--
-- AUTO_INCREMENT for table `web_visited`
--
ALTER TABLE `web_visited`
  MODIFY `id` int(11) NOT NULL AUTO_INCREMENT, AUTO_INCREMENT=1072;

--
-- AUTO_INCREMENT for table `youtube`
--
ALTER TABLE `youtube`
  MODIFY `id` int(11) NOT NULL AUTO_INCREMENT, AUTO_INCREMENT=2;

--
-- Constraints for dumped tables
--

--
-- Constraints for table `news`
--
ALTER TABLE `news`
  ADD CONSTRAINT `news_ibfk_1` FOREIGN KEY (`cat_id`) REFERENCES `category` (`id`);

--
-- Constraints for table `permission`
--
ALTER TABLE `permission`
  ADD CONSTRAINT `permission_uid` FOREIGN KEY (`uid`) REFERENCES `users` (`id`);

--
-- Constraints for table `tender`
--
ALTER TABLE `tender`
  ADD CONSTRAINT `tender_torol_id` FOREIGN KEY (`torol_id`) REFERENCES `tender_torol` (`id`);

--
-- Constraints for table `vote`
--
ALTER TABLE `vote`
  ADD CONSTRAINT `vote_ibfk_1` FOREIGN KEY (`question`) REFERENCES `vote_question` (`id`),
  ADD CONSTRAINT `vote_ibfk_2` FOREIGN KEY (`answer`) REFERENCES `vote_answer` (`id`);

--
-- Constraints for table `vote_answer`
--
ALTER TABLE `vote_answer`
  ADD CONSTRAINT `vote_answer_ibfk_1` FOREIGN KEY (`ques_id`) REFERENCES `vote_question` (`id`);
COMMIT;

/*!40101 SET CHARACTER_SET_CLIENT=@OLD_CHARACTER_SET_CLIENT */;
/*!40101 SET CHARACTER_SET_RESULTS=@OLD_CHARACTER_SET_RESULTS */;
/*!40101 SET COLLATION_CONNECTION=@OLD_COLLATION_CONNECTION */;
